jlpt,kanji,kana
4,,ああ
4,会う,あう
4,青い,あおい
4,赤い,あかい
4,明い,あかるい
4,秋,あき
4,開く,あく
4,開ける,あける
4,上げる,あげる
4,朝,あさ
4,朝御飯,あさごはん
4,,あさって
4,足,あし
4,,あした
4,,あそこ
4,遊ぶ,あそぶ
4,暖かい,あたたかい
4,頭,あたま
4,新しい,あたらしい
4,,あちら
4,暑い,あつい
4,熱い,あつい
4,厚い,あつい
4,後,あと
4,,あなた
4,兄,あに
4,姉,あね
4,,あの
4,,あの
4,,アパート
4,,あびる
4,危ない,あぶない
4,甘い,あまい
4,,あまり
4,雨,あめ
4,洗う,あらう
4,,ある
4,歩く,あるく
4,,あれ
4,,いい
4,,よい
4,,いいえ
4,言う,いう
4,家,いえ
4,行く,いく
4,,いくつ
4,,いくら
4,池,いけ
4,医者,いしゃ
4,,いす
4,忙しい,いそがしい
4,痛い,いたい
4,一,いち
4,一日,いちにち
4,,いちばん
4,,いつ
4,五日,いつか
4,一緒,いっしょ
4,五つ,いつつ
4,,いつも
4,今,いま
4,意味,いみ
4,妹,いもうと
4,嫌,いや
4,入口,いりぐち
4,居る,いる
4,要る,いる
4,入れる,いれる
4,色,いろ
4,,いろいろ
4,上,うえ
4,薄い,うすい
4,歌,うた
4,歌う,うたう
4,,うち
4,生まれる,うまれる
4,海,うみ
4,売る,うる
4,上着,うわぎ
4,絵,え
4,映画,えいが
4,映画館,えいがかん
4,英語,えいご
4,,ええ
4,駅,えき
4,,エレベーター
4,円,えん
4,鉛筆,えんぴつ
4,,おいしい
4,大きい,おおきい
4,大勢,おおぜい
4,お母さん,おかあさん
4,お菓子,おかし
4,お金,おかね
4,起きる,おきる
4,置く,おく
4,奥さん,おくさん
4,お酒,おさけ
4,お皿,おさら
4,伯父,おじ
4,叔父,おじ
4,,おじいさん
4,教える,おしえる
4,押す,おす
4,遅い,おそい
4,お茶,おちゃ
4,お手洗い,おてあらい
4,お父さん,おとうさん
4,弟,おとうと
4,男,おとこ
4,男の子,おとこのこ
4,,おととい
4,,おととし
4,大人,おとな
4,,おなか
4,同じ,おなじ
4,お兄さん,おにいさん
4,お姉さん,おねえさん
4,伯母,おば
4,叔母,おば
4,,おばあさん
4,お弁当,おべんとう
4,覚える,おぼえる
4,重い,おもい
4,,おもしろい
4,泳ぐ,およぐ
4,降りる,おりる
4,終る,おわる
4,音楽,おんがく
4,女,おんな
4,女の子,おんなのこ
4,外国,がいこく
4,外国人,がいこくじん
4,会社,かいしゃ
4,階段,かいだん
4,買い物,かいもの
4,買う,かう
4,返す,かえす
4,帰る,かえる
4,顔,かお
4,,かかる
4,,かぎ
4,書く,かく
4,学生,がくせい
4,,かける
4,,かける
4,傘,かさ
4,貸す,かす
4,風,かぜ
4,家族,かぞく
4,,かた
4,片仮名,かたかな
4,学校,がっこう
4,角,かど
4,家内,かない
4,,かばん
4,花瓶,かびん
4,,かぶる
4,紙,かみ
4,,カメラ
4,火曜日,かようび
4,辛い,からい
4,体,からだ
4,借りる,かりる
4,軽い,かるい
4,,カレンダー
4,川,かわ
4,河,かわ
4,,かわいい
4,漢字,かんじ
4,木,き
4,黄色い,きいろい
4,消える,きえる
4,聞く,きく
4,北,きた
4,,ギター
4,汚い,きたない
4,喫茶店,きっさてん
4,切手,きって
4,切符,きっぷ
4,昨日,きのう
4,九,きゅう
4,牛肉,ぎゅうにく
4,今日,きょう
4,教室,きょうしつ
4,兄弟,きょうだい
4,去年,きょねん
4,嫌い,きらい
4,切る,きる
4,着る,きる
4,,きれい
4,,キロ
4,銀行,ぎんこう
4,金曜日,きんようび
4,工,く
4,薬,くすり
4,,ください
4,果物,くだもの
4,口,くち
4,靴,くつ
4,靴下,くつした
4,国,くに
4,曇る,くもる
4,暗い,くらい
4,,クラス
4,,グラム
4,来る,くる
4,車,くるま
4,黒い,くろい
4,今朝,けさ
4,消す,けす
4,結構,けっこう
4,結婚,けっこん
4,月曜日,げつようび
4,玄関,げんかん
4,元気,げんき
4,五,ご
4,公園,こうえん
4,交番,こうばん
4,声,こえ
4,,コート
4,,ここ
4,午後,ごご
4,九日,ここのか
4,九つ,ここのつ
4,御主人,ごしゅじん
4,午前,ごぜん
4,答える,こたえる
4,,こちら
4,,コップ
4,今年,ことし
4,言葉,ことば
4,子供,こども
4,,この
4,御飯,ごはん
4,困る,こまる
4,,これ
4,今月,こんげつ
4,今週,こんしゅう
4,,こんな
4,今晩,こんばん
4,,さあ
4,魚,さかな
4,先,さき
4,咲く,さく
4,作文,さくぶん
4,,さす
4,雑誌,ざっし
4,砂糖,さとう
4,寒い,さむい
4,再来年,さらいねん
4,三,さん
4,散歩,さんぽ
4,四,し
4,塩,しお
4,,しかし
4,時間,じかん
4,仕事,しごと
4,辞書,じしょ
4,静か,しずか
4,下,した
4,七,しち
4,質問,しつもん
4,自転車,じてんしゃ
4,自動車,じどうしゃ
4,死ぬ,しぬ
4,字引,じびき
4,自分,じぶん
4,閉まる,しまる
4,閉める,しめる
4,締める,しめる
4,,じゃ
4,,じゃあ
4,写真,しゃしん
4,,シャツ
4,十,じゅう
4,授業,じゅぎょう
4,宿題,しゅくだい
4,上手,じょうず
4,丈夫,じょうぶ
4,,しょうゆ
4,食堂,しょくどう
4,知る,しる
4,白い,しろい
4,新聞,しんぶん
4,水曜日,すいようび
4,吸う,すう
4,,スカート
4,好き,すき
4,,すぐに
4,少し,すこし
4,涼しい,すずしい
4,,ストーブ
4,,スプーン
4,,スポーツ
4,,ズボン
4,住む,すむ
4,,スリッパ
4,,する
4,座る,すわる
4,背,せい
4,生徒,せいと
4,,セーター
4,,せっけん
4,背広,せびろ
4,狭い,せまい
4,,ゼロ
4,千,せん
4,先月,せんげつ
4,先週,せんしゅう
4,先生,せんせい
4,洗濯,せんたく
4,全部,ぜんぶ
4,,そう
4,掃除,そうじ
4,,そうして
4,,そして
4,,そこ
4,,そちら
4,外,そと
4,,その
4,,そば
4,空,そら
4,,それ
4,,それから
4,,それでは
4,大学,だいがく
4,大使館,たいしかん
4,大丈夫,だいじょうぶ
4,大好き,だいすき
4,大切,たいせつ
4,,たいてい
4,台所,だいどころ
4,,たいへん
4,,たいへん
4,高い,たかい
4,,たくさん
4,,タクシー
4,出す,だす
4,立つ,たつ
4,建物,たてもの
4,楽しい,たのしい
4,頼む,たのむ
4,,たばこ
4,,たぶん
4,食べ物,たべもの
4,食べる,たべる
4,卵,たまご
4,,だれ
4,誕生日,たんじょうび
4,,だんだん
4,小さい,ちいさい
4,近い,ちかい
4,違う,ちがう
4,近く,ちかく
4,地下鉄,ちかてつ
4,地図,ちず
4,父,ちち
4,茶色,ちゃいろ
4,,ちゃわん
4,,ちょうど
4,,ちょっと
4,使う,つかう
4,疲れる,つかれる
4,次,つぎ
4,着く,つく
4,机,つくえ
4,作る,つくる
4,,つける
4,勤める,つとめる
4,,つまらない
4,冷たい,つめたい
4,強い,つよい
4,手,て
4,,テープ
4,,テープレコーダー
4,,テーブル
4,出かける,でかける
4,手紙,てがみ
4,,できる
4,出口,でぐち
4,,テスト
4,,では
4,,デパート
4,,でも
4,出る,でる
4,,テレビ
4,天気,てんき
4,電気,でんき
4,電車,でんしゃ
4,電話,でんわ
4,戸,と
4,,ドア
4,,トイレ
4,,どう
4,,どうして
4,,どうぞ
4,動物,どうぶつ
4,,どうも
4,遠い,とおい
4,十日,とおか
4,時々,ときどき
4,時計,とけい
4,,どこ
4,所,ところ
4,図書館,としょかん
4,,どちら
4,,とても
4,,どなた
4,隣,となり
4,,どの
4,飛ぶ,とぶ
4,止まる,とまる
4,友達,ともだち
4,土曜日,どようび
4,鳥,とり
4,鳥肉,とりにく
4,取る,とる
4,撮る,とる
4,,どれ
4,,どんな
4,,ない
4,,ナイフ
4,中,なか
4,長い,ながい
4,鳴く,なく
4,夏,なつ
4,夏休み,なつやすみ
4,七つ,ななつ
4,何,なに
4,七日,なのか
4,名前,なまえ
4,習う,ならう
4,並ぶ,ならぶ
4,並べる,ならべる
4,,なる
4,二,に
4,,にぎやか
4,肉,にく
4,西,にし
4,日曜日,にちようび
4,荷物,にもつ
4,,ニュース
4,庭,にわ
4,脱ぐ,ぬぐ
4,,ネクタイ
4,寝る,ねる
4,,ノート
4,登る,のぼる
4,飲み物,のみもの
4,飲む,のむ
4,乗る,のる
4,歯,は
4,,パーティー
4,,はい
4,灰皿,はいざら
4,入る,はいる
4,葉書,はがき
4,,はく
4,箱,はこ
4,橋,はし
4,,はし
4,始まる,はじまる
4,初めに,はじめに
4,初めて,はじめて
4,走る,はしる
4,,バス
4,,バター
4,二十歳,はたち
4,働く,はたらく
4,八,はち
4,二十日,はつか
4,花,はな
4,鼻,はな
4,話,はなし
4,話す,はなす
4,母,はは
4,早い,はやい
4,速い,はやい
4,春,はる
4,,はる
4,晴れる,はれる
4,半,はん
4,晩,ばん
4,,パン
4,,ハンカチ
4,番号,ばんごう
4,晩御飯,ばんごはん
4,半分,はんぶん
4,東,ひがし
4,引く,ひく
4,弾く,ひく
4,低い,ひくい
4,飛行機,ひこうき
4,左,ひだり
4,人,ひと
4,一つ,ひとつ
4,一月,ひとつき
4,一人,ひとり
4,暇,ひま
4,百,ひゃく
4,病院,びょういん
4,病気,びょうき
4,平仮名,ひらがな
4,昼,ひる
4,昼御飯,ひるごはん
4,広い,ひろい
4,,フィルム
4,封筒,ふうとう
4,,プール
4,,フォーク
4,吹く,ふく
4,服,ふく
4,二つ,ふたつ
4,豚肉,ぶたにく
4,二人,ふたり
4,二日,ふつか
4,太い,ふとい
4,冬,ふゆ
4,降る,ふる
4,古い,ふるい
4,,ふろ
4,,パージ
4,下手,へた
4,,ベッド
4,部屋,へや
4,辺,へん
4,,ペン
4,勉強,べんきょう
4,便利,べんり
4,,ほう
4,帽子,ぼうし
4,,ボールペン
4,,ポケット
4,欲しい,ほしい
4,細い,ほそい
4,,ボタン
4,,ホテル
4,本,ほん
4,本棚,ほんだな
4,,ほんとうに
4,毎朝,まいあさ
4,毎月,まいげつ
4,毎週,まいしゅう
4,毎日,まいにち
4,毎年,まいねん
4,毎晩,まいばん
4,前,まえ
4,曲る,まがる
4,,まずい
4,,また
4,,まだ
4,町,まち
4,待つ,まつ
4,,まっすぐ
4,,マッチ
4,窓,まど
4,丸い,まるい
4,円い,まるい
4,万,まん
4,万年筆,まんねんひつ
4,磨く,みがく
4,右,みぎ
4,短い,みじかい
4,水,みず
4,店,みせ
4,見せる,みせる
4,道,みち
4,三日,みっか
4,三つ,みっつ
4,皆さん,みなさん
4,南,みなみ
4,耳,みみ
4,見る,みる
4,,みんな
4,六日,むいか
4,向こう,むこう
4,難しい,むずかしい
4,六つ,むっつ
4,目,め
4,,メートル
4,眼鏡,めがね
4,,もう
4,木曜日,もくようび
4,,もしもし
4,,もちろん
4,持つ,もつ
4,,もっと
4,物,もの
4,門,もん
4,問題,もんだい
4,八百屋,やおや
4,野菜,やさい
4,易しい,やさしい
4,安い,やすい
4,休み,やすみ
4,休む,やすむ
4,八つ,やっつ
4,山,やま
4,,やる
4,夕方,ゆうがた
4,郵便局,ゆうびんきょく
4,,ゆうべ
4,有名,ゆうめい
4,雪,ゆき
4,,ゆっくり
4,八日,ようか
4,洋服,ようふく
4,,よく
4,横,よこ
4,四日,よっか
4,四つ,よっつ
4,呼ぶ,よぶ
4,読む,よむ
4,夜,よる
4,来月,らいげつ
4,来週,らいしゅう
4,来年,らいねん
4,,ラジオ
4,,りっぱ
4,留学生,りゅうがくせい
4,両親,りょうしん
4,料理,りょうり
4,旅行,りょこう
4,零,れい
4,冷蔵庫,れいぞうこ
4,,レコード
4,,レストラン
4,練習,れんしゅう
4,六,ろく
4,,ワイシャツ
4,若い,わかい
4,分る,わかる
4,忘れる,わすれる
4,私,わたし/わたくし
4,渡す,わたす
4,渡る,わたる
4,悪い,わるい
3,,あ
3,,ああ
3,,あいさつ
3,間,あいだ
3,合う,あう
3,,あかちゃん
3,上る,あがる
3,赤ん坊,あかんぼう
3,空く,あく
3,,あげる
3,朝寝坊,あさねぼう
3,味,あじ
3,明日,あす
3,遊び,あそび
3,集る,あつまる
3,集める,あつめる
3,謝る,あやまる
3,,アルバイト
3,安心,あんしん
3,安全,あんぜん
3,,あんな
3,案内,あんない
3,以下,いか
3,以外,いがい
3,,いかが
3,医学,いがく
3,生きる,いきる
3,意見,いけん
3,石,いし
3,,いじめる
3,以上,いじょう
3,急ぐ,いそぐ
3,致す,いたす
3,,いただく
3,一度,いちど
3,一生懸命,いっしょうけんめい
3,,いっぱい
3,糸,いと
3,以内,いない
3,田舎,いなか
3,祈る,いのる
3,,いらっしゃる
3,植える,うえる
3,,うかがう
3,受付,うけつけ
3,受ける,うける
3,動く,うごく
3,,うそ
3,,うち
3,打つ,うつ
3,美しい,うつくしい
3,写す,うつす
3,移る,うつる
3,腕,うで
3,,うまい
3,裏,うら
3,売り場,うりば
3,,うるさい
3,,うれしい
3,,うん
3,運転手,うんてんしゅ
3,運転,うんてん
3,運動,うんどう
3,,エスカレーター
3,枝,えだ
3,選ぶ,えらぶ
3,遠慮,えんりょ
3,,おいでになる
3,お祝い,おいわい
3,応接間,おうせつま
3,多い,おおい
3,大きな,おおきな
3,,オートバイ
3,,オーバー
3,,おかげ
3,,おかしい
3,億,おく
3,屋上,おくじょう
3,贈り物,おくりもの
3,送る,おくる
3,遅れる,おくれる
3,お子さん,おこさん
3,起す,おこす
3,行う,おこなう
3,怒る,おこる
3,押し入れ,おしいれ
3,お嬢さん,おじょうさん
3,お宅,おたく
3,落る,おちる
3,,おっしゃる
3,音,おと
3,落す,おとす
3,踊り,おどり
3,踊る,おどる
3,驚く,おどろく
3,お祭り,おまつり
3,お見舞い,おみまい
3,お土産,おみやげ
3,思い出す,おもいだす
3,思う,おもう
3,,おもちゃ
3,表,おもて
3,,おや
3,下りる,おりる
3,,おる
3,お礼,おれい
3,折れる,おれる
3,終わり,おわり
3,,カーテン
3,海岸,かいがん
3,会議,かいぎ
3,会場,かいじょう
3,会話,かいわ
3,帰り,かえり
3,変える,かえる
3,科学,かがく
3,鏡,かがみ
3,飾る,かざる
3,火事,かじ
3,,ガソリン
3,,ガソリンスタンド
3,,かた
3,形,かたち
3,片付ける,かたづける
3,勝つ,かつ
3,,かっこう
3,悲しい,かなしい
3,必ず,かならず
3,金持ち,かねもち
3,彼女,かのじょ
3,壁,かべ
3,,かまう
3,髪,かみ
3,,かむ
3,通う,かよう
3,,ガラス
3,彼,かれ
3,彼ら,かれら
3,乾く,かわく
3,代わり,かわり
3,変わる,かわる
3,考える,かんがえる
3,関係,かんけい
3,看護婦,かんごふ
3,簡単,かんたん
3,,がんばる
3,気,き
3,機械,きかい
3,機会,きかい
3,危険,きけん
3,聞こえる,きこえる
3,汽車,きしゃ
3,技術,ぎじゅつ
3,季節,きせつ
3,規則,きそく
3,,きっと
3,絹,きぬ
3,厳しい,きびしい
3,気分,きぶん
3,決る,きまる
3,君,きみ
3,決める,きめる
3,気持ち,きもち
3,着物,きもの
3,客,きゃく
3,急,きゅう
3,急行,きゅうこう
3,教育,きょういく
3,教会,きょうかい
3,競争,きょうそう
3,興味,きょうみ
3,近所,きんじょ
3,具合,ぐあい
3,空気,くうき
3,空港,くうこう
3,草,くさ
3,,くださる
3,首,くび
3,雲,くも
3,比べる,くらべる
3,,くれる
3,暮れる,くれる
3,,け
3,,け
3,計画,けいかく
3,警官,けいかん
3,経験,けいけん
3,経済,けいざい
3,警察,けいさつ
3,,けが
3,景色,けしき
3,下宿,げしゅく
3,決して,けっして
3,,けれど
3,,けれども
3,原因,げんいん
3,,けんか
3,研究,けんきゅう
3,研究室,けんきゅうしつ
3,見物,けんぶつ
3,子,こ
3,,こう
3,郊外,こうがい
3,講義,こうぎ
3,工業,こうぎょう
3,高校,こうこう
3,高等学校,こうとうがっこう
3,高校生,こうこうせい
3,工場,こうじょう
3,校長,こうちょう
3,交通,こうつう
3,講堂,こうどう
3,公務員,こうむいん
3,国際,こくさい
3,心,こころ
3,故障,こしょう
3,ご存じ,ごぞんじ
3,答,こたえ
3,,ごちそう
3,,こっち
3,,こと
3,小鳥,ことり
3,,このあいだ
3,,このごろ
3,細かい,こまかい
3,,ごみ
3,込む,こむ
3,米,こめ
3,,ごらんになる
3,,これから
3,怖い,こわい
3,壊す,こわす
3,壊れる,こわれる
3,,コンサート
3,今度,こんど
3,今夜,こんや
3,最近,さいきん
3,最後,さいご
3,最初,さいしょ
3,財布,さいふ
3,探す,さがす
3,下る,さがる
3,盛ん,さかん
3,下げる,さげる
3,差し上げる,さしあげる
3,,さっき
3,寂しい,さびしい
3,さ来週,さらいしゅう
3,騒ぐ,さわぐ
3,触る,さわる
3,,サンダル
3,,サンドイッチ
3,残念,ざんねん
3,字,じ
3,試合,しあい
3,仕方,しかた
3,,しかる
3,試験,しけん
3,事故,じこ
3,地震,じしん
3,時代,じだい
3,下着,したぎ
3,支度,したく
3,,しっかり
3,失敗,しっぱい
3,失礼,しつれい
3,辞典,じてん
3,品物,しなもの
3,,しばらく
3,島,しま
3,,しまう
3,事務所,じむしょ
3,社会,しゃかい
3,社長,しゃちょう
3,,じゃま
3,,ジャム
3,自由,じゆう
3,習慣,しゅうかん
3,住所,じゅうしょ
3,柔道,じゅうどう
3,十分,じゅうぶん
3,出席,しゅっせき
3,出発,しゅっぱつ
3,趣味,しゅみ
3,準備,じゅんび
3,紹介,しょうかい
3,正月,しょうがつ
3,小学校,しょうがっこう
3,小説,しょうせつ
3,招待,しょうたい
3,承知,しょうち
3,将来,しょうらい
3,食事,しょくじ
3,食料品,しょくりょうひん
3,女性,じょせい
3,知らせる,しらせる
3,調べる,しらべる
3,人口,じんこう
3,神社,じんじゃ
3,親切,しんせつ
3,心配,しんぱい
3,新聞社,しんぶんしゃ
3,水泳,すいえい
3,水道,すいどう
3,,ずいぶん
3,数学,すうがく
3,,スーツケース
3,過ぎる,すぎる
3,,すく
3,,すく
3,,すくない
3,,すごい
3,,すっかり
3,,すっと
3,,ステレオ
3,捨てる,すてる
3,砂,すな
3,,すばらしい
3,,すべる
3,隅,すみ
3,済む,すむ
3,,すり
3,,すると
3,生活,せいかつ
3,政治,せいじ
3,西洋,せいよう
3,世界,せかい
3,席,せき
3,説明,せつめい
3,背中,せなか
3,,ぜひ
3,世話,せわ
3,線,せん
3,,ぜんぜん
3,戦争,せんそう
3,先輩,せんぱい
3,専門,せんもん
3,,そう
3,相談,そうだん
3,育てる,そだてる
3,卒業,そつぎょう
3,祖父,そふ
3,祖母,そぼ
3,,それで
3,,それに
3,,それほど
3,,そろそろ
3,,そんな
3,退院,たいいん
3,大学生,だいがくせい
3,大事,だいじ
3,,だいたい
3,,タイプ
3,,だいぶ
3,台風,たいふう
3,倒れる,たおれる
3,,だから
3,確か,たしか
3,足す,たす
3,訪ねる,たずねる
3,正しい,ただしい
3,畳,たたみ
3,立てる,たてる
3,建てる,たてる
3,例えば,たとえば
3,棚,たな
3,楽む,たのしむ
3,,たまに
3,,ため
3,,だめ
3,足りる,たりる
3,男性,だんせい
3,暖房,だんぼう
3,血,ち
3,小さな,ちいさな
3,力,ちから
3,,ちっとも
3,注意,ちゅうい
3,中学校,ちゅうがっこう
3,注射,ちゅうしゃ
3,駐車場,ちゅうしゃじょう
3,地理,ちり
3,捕まえる,つかまえる
3,,つき
3,,つく
3,,つける
3,漬ける,つける
3,都合,つごう
3,伝える,つたえる
3,続く,つづく
3,続ける,つづける
3,包む,つつむ
3,妻,つま
3,,つもり
3,釣る,つる
3,連れる,つれる
3,丁寧,ていねい
3,,テキスト
3,適当,てきとう
3,,できる
3,,できるだけ
3,手伝う,てつだう
3,,テニスコート
3,手袋,てぶくろ
3,寺,てら
3,点,てん
3,店員,てんいん
3,天気予報,てんきよほう
3,電灯,でんとう
3,電報,でんぽう
3,展覧会,てんらんかい
3,道具,どうぐ
3,,とうとう
3,動物園,どうぶつえん
3,遠く,とおく
3,通り,とおり
3,通る,とおる
3,特に,とくに
3,特別,とくべつ
3,,とこや
3,年,とし
3,途中,とちゅう
3,特急,とっきゅう
3,,どっち
3,届ける,とどける
3,泊まる,とまる
3,止める,とめる
3,取り替える,とりかえる
3,泥棒,どろぼう
3,直す,なおす
3,直る,なおる
3,治る,なおる
3,,なかなか
3,泣く,なく
3,無くす,なくす
3,無くなる,なくなる
3,亡くなる,なくなる
3,投げる,なげる
3,,なさる
3,,なぜ
3,鳴る,なる
3,,なるべく
3,,なるほど
3,慣れる,なれる
3,苦い,にがい
3,逃げる,にげる
3,日記,にっき
3,入院,にゅういん
3,入学,にゅうがく
3,似る,にる
3,人形,にんぎょう
3,盗む,ぬすむ
3,塗る,ぬる
3,,ぬれる
3,,ねだん
3,熱,ねつ
3,,ねっしん
3,眠い,ねむい
3,眠る,ねむる
3,残る,のこる
3,,のど
3,乗り換える,のりかえる
3,乗り物,のりもの
3,葉,は
3,場合,ばあい
3,倍,ばい
3,拝見,はいけん
3,歯医者,はいしゃ
3,運ぶ,はこぶ
3,始める,はじめる
3,,はず
3,恥ずかしい,はずかしい
3,発音,はつおん
3,,はっきり
3,花見,はなみ
3,払う,はらう
3,番組,ばんぐみ
3,反対,はんたい
3,日,ひ
3,火,ひ
3,冷える,ひえる
3,引き出し,ひきだし
3,,ひげ
3,飛行場,ひこうじょう
3,久しぶり,ひさしぶり
3,美術館,びじゅつかん
3,非常に,ひじょうに
3,,びっくりする
3,引っ越す,ひっこす
3,必要,ひつよう
3,,ひどい
3,,ビル
3,昼間,ひるま
3,昼休み,ひるやすみ
3,拾う,ひろう
3,増える,ふえる
3,深い,ふかい
3,複雑,ふくざつ
3,復習,ふくしゅう
3,普通,ふつう
3,,ぶどう
3,太る,ふとる
3,布団,ふとん
3,舟,ふね
3,船,ふね
3,不便,ふべん
3,踏む,ふむ
3,,プレゼント
3,文化,ぶんか
3,文学,ぶんがく
3,文法,ぶんぽう
3,,べつに
3,,ベル
3,変,へん
3,返事,へんじ
3,貿易,ぼうえき
3,放送,ほうそう
3,法律,ほうりつ
3,僕,ぼく
3,星,ほし
3,,ほど
3,,ほとんど
3,,ほめる
3,翻訳,ほんやく
3,参る,まいる
3,負ける,まける
3,,まじめ
3,,まず
3,,または
3,間違える,まちがえる
3,間に合う,まにあう
3,周り,まわり
3,回る,まわる
3,漫画,まんが
3,真中,まんなか
3,見える,みえる
3,湖,みずうみ
3,,みそ
3,見つかる,みつかる
3,見つける,みつける
3,緑,みどり
3,皆,みな
3,港,みなと
3,迎える,むかえる
3,昔,むかし
3,虫,むし
3,息子,むすこ
3,娘,むすめ
3,村,むら
3,無理,むり
3,召し上がる,めしあがる
3,珍しい,めずらしい
3,申し上げる,もうしあげる
3,申す,もうす
3,,もうすぐ
3,,もし
3,戻る,もどる
3,木綿,もめん
3,,もらう
3,焼く,やく
3,役に立つ,やくにたつ
3,約束,やくそく
3,焼ける,やける
3,優しい,やさしい
3,,やせる
3,,やっと
3,,やはり
3,,やっぱり
3,,やむ
3,,やめる
3,,やる
3,柔らかい,やわらかい
3,湯,ゆ
3,夕飯,ゆうはん
3,輸出,ゆしゅつ
3,指,ゆび
3,指輪,ゆびわ
3,夢,ゆめ
3,揺れる,ゆれる
3,用,よう
3,用意,ようい
3,用事,ようじ
3,汚れる,よごれる
3,予習,よしゅう
3,予定,よてい
3,予約,よやく
3,寄る,よる
3,喜ぶ,よろこぶ
3,,よろしい
3,弱い,よわい
3,理由,りゆう
3,利用,りよう
3,両方,りょうほう
3,旅館,りょかん
3,留守,るす
3,歴史,れきし
3,連絡,れんらく
3,沸かす,わかす
3,別れる,わかれる
3,沸く,わく
3,訳,わけ
3,忘れ物,わすれもの
3,笑う,わらう
3,割合,わりあい
3,割れる,われる
2,,あ
2,,ああ
2,愛,あい
2,,あいかわらず
2,挨拶,あいさつ
2,愛情,あいじょう
2,合図,あいず
2,,アイスクリーム
2,愛する,あいする
2,相手,あいて
2,,アイデア
2,,アイディア
2,,あいにく
2,,あいまい
2,,アイロン
2,遭う,あう
2,,アウト
2,青,あお
2,扇ぐ,あおぐ
2,青白い,あおじろい
2,赤,あか
2,,あかちゃん
2,明かり,あかり
2,,あかんぼう
2,明き,あき
2,空き,あき
2,明らか,あきらか
2,諦める,あきらめる
2,飽きる,あきる
2,,あきれる
2,握手,あくしゅ
2,,アクセサリー
2,,アクセント
2,,あくび
2,悪魔,あくま
2,飽くまで,あくまで
2,明け方,あけがた
2,明ける,あける
2,,あげる
2,憧れる,あこがれる
2,浅い,あさい
2,,あさって
2,,アジア
2,足跡,あしあと
2,,あした
2,足元,あしもと
2,味わう,あじわう
2,預かる,あずかる
2,預ける,あずける
2,汗,あせ
2,あそこ,あそこ
2,与える,あたえる
2,温かい,あたたかい
2,暖まる,あたたまる
2,温まる,あたたまる
2,暖める,あたためる
2,温める,あたためる
2,辺り,あたり
2,,あたりまえ
2,当たる,あたる
2,,あちこち
2,あひら,あひら
2,,あっち
2,,あちらこちら
2,扱う,あつかう
2,厚かましい,あつかましい
2,圧縮,あっしゅく
2,集まり,あつまり
2,宛名,あてな
2,,あてはまる
2,,あてはめる
2,当てる,あてる
2,跡,あと
2,,あと
2,穴,あな
2,,アナウンサー
2,,あなた
2,,あの
2,,アパート
2,暴れる,あばれる
2,浴びる,あびる
2,油,あぶら
2,脂,あぶら
2,,アフリカ
2,,あぶる
2,,あふれる
2,雨戸,あまど
2,甘やかす,あまやかす
2,余り,あまり
2,余る,あまる
2,編物,あみもの
2,編む,あむ
2,飴,あめ
2,,アメリカ
2,危うい,あやうい
2,怪しい,あやしい
2,誤り,あやまり
2,,あら
2,荒い,あらい
2,粗い,あらい
2,嵐,あらし
2,,あらすじ
2,争う,あらそう
2,新た,あらた
2,改めて,あらためて
2,改める,あらためる
2,,あらゆる
2,表す,あらわす
2,現す,あらわす
2,著す,あらわす
2,現れ,あらわれ
2,現れる,あらわれる
2,有難い,ありがたい
2,,ありがとう
2,有る,ある
2,在る,ある
2,或,ある
2,,あるいは
2,,アルバイト
2,,アルバム
2,,あれ
2,,あれこれ
2,荒れる,あれる
2,泡,あわ
2,合わせる,あわせる
2,,あわただしい
2,,あわてる
2,哀れ,あわれ
2,案,あん
2,安易,あんい
2,案外,あんがい
2,暗記,あんき
2,安定,あんてい
2,,アンテナ
2,,あんな
2,,あんなに
2,,あんまり
2,胃,い
2,,いい
2,,よい
2,,いいえ
2,,いえ
2,言い出す,いいだす
2,言い付ける,いいつける
2,委員,いいん
2,意外,いがい
2,,いかが
2,行き,いき
2,息,いき
2,意義,いぎ
2,生き生き,いきいき
2,勢い,いきおい
2,,いきなり
2,生き物,いきもの
2,育児,いくじ
2,幾つ,いくつ
2,幾分,いくぶん
2,幾ら,いくら
2,,いけない
2,生け花,いけばな
2,以後,いご
2,以降,いこう
2,,イコール
2,勇ましい,いさましい
2,医師,いし
2,意思,いし
2,意志,いし
2,維持,いじ
2,意識,いしき
2,,いじめる
2,異常,いじょう
2,衣食住,いしょくじゅう
2,意地悪,いじわる
2,椅子,いす
2,泉,いずみ
2,,いずれ
2,以前,いぜん
2,板,いた
2,偉大,いだい
2,抱く,いだく
2,,いたずら
2,,いただきます
2,頂く,いただく
2,痛み,いたみ
2,至る,いたる
2,,いち
2,位置,いち
2,,いちいち
2,一応,いちおう
2,一時,いちじ
2,一段と,いちだんと
2,一度に,いちどに
2,市場,いちば
2,,いちばん
2,一流,いちりゅう
2,,いつ
2,何時か,いつか
2,一家,いっか
2,一昨日,いっさくじつ
2,一昨年,いっさくねん
2,一種,いっしゅ
2,一瞬,いっしゅん
2,一生,いっしょう
2,一斉,いっせい
2,一層,いっそう
2,一体,いったい
2,一旦,いったん
2,一致,いっち
2,一定,いってい
2,,いっていらっしゃい
2,,いってらっしゃい
2,,いってまいります
2,,いってきます
2,,いつでも
2,,いつのまにか
2,,いっぱい
2,一般,いっぱん
2,一方,いっぽう
2,,いつまでも
2,いつも,いつも
2,移転,いてん
2,井戸,いど
2,緯度,いど
2,移動,いどう
2,従兄弟,いとこ
2,従姉妹,いとこ
2,犬,いぬ
2,稲,いね
2,居眠り,いねむり
2,命,いのち
2,威張る,いばる
2,違反,いはん
2,衣服,いふく
2,居間,いま
2,今に,いまに
2,今にも,いまにも
2,,イメージ
2,否,いや
2,嫌がる,いやがる
2,,いよいよ
2,以来,いらい
2,依頼,いらい
2,,いらいら
2,,いらっしゃい
2,,いらっしゃる
2,医療,いりょう
2,煎る,いる
2,炒る,いる
2,入れ物,いれもの
2,岩,いわ
2,祝い,いわい
2,祝う,いわう
2,言わば,いわば
2,,いわゆる
2,,インク
2,,インキ
2,印刷,いんさつ
2,印象,いんしょう
2,引退,いんたい
2,,インタビュー
2,引用,いんよう
2,引力,いんりょく
2,,ウイスキー
2,,ウーマン
2,,ウール
2,,ウエートレス
2,植木,うえき
2,飢える,うえる
2,,うがい
2,伺う,うかがう
2,浮ぶ,うかぶ
2,浮かべる,うかべる
2,浮く,うく
2,承る,うけたまわる
2,受取,うけとり
2,受け取る,うけとる
2,受け持つ,うけもつ
2,動かす,うごかす
2,兎,うさぎ
2,牛,うし
2,失う,うしなう
2,薄暗い,うすぐらい
2,薄める,うすめる
2,嘘,うそ
2,疑う,うたがう
2,内,うち
2,,うち
2,打合せ,うちあわせ
2,打ち消す,うちけす
2,宇宙,うちゅう
2,討つ,うつ
2,撃つ,うつ
2,,うっかり
2,映す,うつす
2,移す,うつす
2,訴える,うったえる
2,写る,うつる
2,映る,うつる
2,,うどん
2,,うなずく
2,,うなる
2,奪う,うばう
2,馬,うま
2,うまい,うまい
2,生まれ,うまれ
2,有無,うむ
2,梅,うめ
2,埋める,うめる
2,敬う,うやまう
2,裏返す,うらがえす
2,裏切る,うらぎる
2,裏口,うらぐち
2,占う,うらなう
2,恨み,うらみ
2,恨む,うらむ
2,羨ましい,うらやましい
2,羨む,うらやむ
2,売上,うりあげ
2,売り切れ,うりきれ
2,売り切れる,うりきれる
2,,うるさい
2,嬉しい,うれしい
2,売行き,うれゆき
2,売れる,うれる
2,,うろうろ
2,噂,うわさ
2,,うん
2,運,うん
2,運河,うんが
2,,うんと
2,,え
2,永遠,えいえん
2,永久,えいきゅう
2,影響,えいきょう
2,営業,えいぎょう
2,衛星,えいせい
2,英文,えいぶん
2,栄養,えいよう
2,英和,えいわ
2,,ええ
2,,ええと
2,笑顔,えがお
2,描く,えがく
2,液体,えきたい
2,餌,えさ
2,,エスカレーター
2,,エチケット
2,,エネルギー
2,絵の具,えのぐ
2,,エプロン
2,偉い,えらい
2,得る,える
2,,エレベーター
2,宴会,えんかい
2,延期,えんき
2,演技,えんぎ
2,園芸,えんげい
2,演劇,えんげき
2,円周,えんしゅう
2,援助,えんじょ
2,,エンジン
2,演説,えんぜつ
2,演奏,えんそう
2,遠足,えんそく
2,延長,えんちょう
2,煙突,えんとつ
2,御,お
2,,おい
2,追い掛ける,おいかける
2,追い越す,おいこす
2,,おいしい
2,追い付く,おいつく
2,,おいでになる
2,,オイル
2,王,おう
2,追う,おう
2,応援,おうえん
2,王様,おうさま
2,王子,おうじ
2,王女,おうじょ
2,応じる,おうじる
2,応ずる,おうずる
2,応接,おうせつ
2,応対,おうたい
2,横断,おうだん
2,往復,おうふく
2,欧米,おうべい
2,応用,おうよう
2,終える,おえる
2,,おお
2,大いに,おおいに
2,覆う,おおう
2,,オーケストラ
2,,おおざっぱ
2,大通り,おおどおり
2,,オートメーション
2,,オートバイ
2,,オーバー
2,,オーバーコート
2,大家,おおや
2,大凡,おおよそ
2,丘,おか
2,,おかえり
2,,おかげ
2,,おかけください
2,,おかげさまで
2,,おかしい
2,,おかず
2,,おかまいなく
2,拝む,おがむ
2,お代わり,おかわり
2,沖,おき
2,補う,おぎなう
2,,おきのどくに
2,奥,おく
2,屋外,おくがい
2,,おくさん
2,送り仮名,おくりがな
2,贈る,おくる
2,,おげんきで
2,怠る,おこたる
2,起こる,おこる
2,押える,おさえる
2,,おさきに
2,幼い,おさない
2,収める,おさめる
2,納める,おさめる
2,治める,おさめる
2,惜しい,おしい
2,,おじいさん
2,御辞儀,おじぎ
2,伯父さん,おじさん
2,小父さん,おじさん
2,叔父さん,おじさん
2,,おしゃれ
2,,おしゃべり
2,,おじゃまします
2,,おせわになりました
2,汚染,おせん
2,,おそらく
2,恐れる,おそれる
2,恐ろしい,おそろしい
2,教わる,おそわる
2,,おだいじに
2,お互い,おたがい
2,穏やか,おだやか
2,落着く,おちつく
2,,おっしゃる
2,夫,おっと
2,御手洗,おてあらい
2,お出掛け,おでかけ
2,お手伝いさん,おてつだいさん
2,,おどかす
2,男の人,おとこのひと
2,落し物,おとしもの
2,,おととい
2,,おととし
2,,おとなしい
2,劣る,おとる
2,驚かす,おどろかす
2,,おなか
2,鬼,おに
2,,おねがいします
2,各々,おのおの
2,,おばあさん
2,伯母さん,おばさん
2,叔母さん,おばさん
2,小母さん,おばさん
2,,おはよう
2,帯,おび
2,お昼,おひる
2,,オフィス
2,溺れる,おぼれる
2,お参り,おまいり
2,,おまえ
2,,おまたせしました
2,,おまちください
2,,おまちどおさま
2,,おまわりさん
2,,おめでたい
2,,おめでとう
2,お目に掛かる,おめにかかる
2,思い掛けない,おもいがけない
2,思い切り,おもいきり
2,思い込む,おもいこむ
2,思いっ切り,おもいっきり
2,思い付く,おもいつく
2,思い出,おもいで
2,,おもしろい
2,重たい,おもたい
2,,おもちゃ
2,主に,おもに
2,思わず,おもわず
2,,おや
2,親,おや
2,,おやすみ
2,,おやつ
2,親指,おやゆび
2,泳ぎ,およぎ
2,,およそ
2,及ぼす,およぼす
2,折る,おる
2,,オルガン
2,下す,おろす
2,降ろす,おろす
2,卸す,おろす
2,終,おわり
2,恩,おん
2,恩恵,おんけい
2,温室,おんしつ
2,温泉,おんせん
2,温帯,おんたい
2,温暖,おんだん
2,御中,おんちゅう
2,温度,おんど
2,女の人,おんなのひと
2,可,か
2,蚊,か
2,課,か
2,,カー
2,,カーテン
2,,カード
2,,カーブ
2,会,かい
2,回,かい
2,貝,かい
2,害,がい
2,会員,かいいん
2,絵画,かいが
2,開会,かいかい
2,海外,かいがい
2,会館,かいかん
2,会計,かいけい
2,解決,かいけつ
2,会合,かいごう
2,外交,がいこう
2,改札,かいさつ
2,解散,かいさん
2,開始,かいし
2,解釈,かいしゃく
2,外出,がいしゅつ
2,海水浴,かいすいよく
2,回数,かいすう
2,回数券,かいすうけん
2,改正,かいせい
2,快晴,かいせい
2,解説,かいせつ
2,改善,かいぜん
2,改造,かいぞう
2,開通,かいつう
2,快適,かいてき
2,回転,かいてん
2,解答,かいとう
2,回答,かいとう
2,外部,がいぶ
2,回復,かいふく
2,解放,かいほう
2,開放,かいほう
2,海洋,かいよう
2,概論,がいろん
2,飼う,かう
2,帰す,かえす
2,却って,かえって
2,代える,かえる
2,替える,かえる
2,換える,かえる
2,反る,かえる
2,家屋,かおく
2,香り,かおり
2,画家,がか
2,抱える,かかえる
2,価格,かかく
2,化学,かがく
2,輝く,かがやく
2,係,かかり
2,掛かる,かかる
2,罹る,かかる
2,係わる,かかわる
2,鍵,かぎ
2,書留,かきとめ
2,書取,かきとり
2,垣根,かきね
2,限り,かぎり
2,限る,かぎる
2,掻く,かく
2,,かく
2,嗅ぐ,かぐ
2,家具,かぐ
2,学,がく
2,額,がく
2,架空,かくう
2,覚悟,かくご
2,各自,かくじ
2,確実,かくじつ
2,学者,がくしゃ
2,拡充,かくじゅう
2,学習,がくしゅう
2,学術,がくじゅつ
2,隠す,かくす
2,拡大,かくだい
2,各地,かくち
2,拡張,かくちょう
2,角度,かくど
2,確認,かくにん
2,学年,がくねん
2,学部,がくぶ
2,格別,かくべつ
2,学問,がくもん
2,確率,かくりつ
2,学力,がくりょく
2,隠れる,かくれる
2,影,かげ
2,陰,かげ
2,掛け算,かけざん
2,可決,かけつ
2,掛ける,かける
2,欠ける,かける
2,加減,かげん
2,過去,かこ
2,籠,かご
2,火口,かこう
2,下降,かこう
2,囲む,かこむ
2,火災,かさい
2,重なる,かさなる
2,重ねる,かさねる
2,飾り,かざり
2,火山,かざん
2,貸し,かし
2,菓子,かし
2,家事,かじ
2,賢い,かしこい
2,,かしこまりました
2,貸し出し,かしだし
2,過失,かしつ
2,果実,かじつ
2,貸間,かしま
2,貸家,かしや
2,歌手,かしゅ
2,個所,かしょ
2,過剰,かじょう
2,,かじる
2,数,かず
2,,ガス
2,風邪,かぜ
2,課税,かぜい
2,下線,かせん
2,稼ぐ,かせぐ
2,,カセット
2,数える,かぞえる
2,加速,かそく
2,加速度,かそくど
2,,ガソリン
2,,ガソリンスタンド
2,方,かた
2,型,かた
2,肩,かた
2,固い,かたい
2,堅い,かたい
2,硬い,かたい
2,方々,かたがた
2,片付く,かたづく
2,刀,かたな
2,塊,かたまり
2,固まる,かたまる
2,片道,かたみち
2,傾く,かたむく
2,片寄る,かたよる
2,語る,かたる
2,勝ち,かち
2,価値,かち
2,学科,がっか
2,学会,がっかい
2,,がっかり
2,活気,かっき
2,楽器,がっき
2,学期,がっき
2,学級,がっきゅう
2,担ぐ,かつぐ
2,括弧,かっこ
2,格好,かっこう
2,活字,かつじ
2,勝手に,かってに
2,活動,かつどう
2,活躍,かつやく
2,活用,かつよう
2,活力,かつりょく
2,仮定,かてい
2,家庭,かてい
2,過程,かてい
2,課程,かてい
2,仮名,かな
2,悲しむ,かなしむ
2,仮名遣い,かなづかい
2,必ずしも,かならずしも
2,,かなり
2,金,かね
2,鐘,かね
2,加熱,かねつ
2,兼ねる,かねる
2,可能,かのう
2,,カバー
2,,かばん
2,過半数,かはんすう
2,,かび
2,株,かぶ
2,被せる,かぶせる
2,被る,かぶる
2,釜,かま
2,,かまいません
2,構う,かまう
2,我慢,がまん
2,神,かみ
2,紙屑,かみくず
2,神様,かみさま
2,剃刀,かみそり
2,雷,かみなり
2,髪の毛,かみのけ
2,噛む,かむ
2,,ガム
2,,カメラ
2,科目,かもく
2,,かもしれない
2,貨物,かもつ
2,,かゆい
2,火曜,かよう
2,歌謡,かよう
2,殻,から
2,柄,がら
2,,カラー
2,,からかう
2,,ガラス
2,空っぽ,からっぽ
2,刈る,かる
2,,かるた
2,彼等,かれら
2,枯れる,かれる
2,,カレンダー
2,,カロリー
2,皮,かわ
2,革,かわ
2,,かわいい
2,,かわいがる
2,,かわいそう
2,,かわいらしい
2,乾かす,かわかす
2,渇く,かわく
2,為替,かわせ
2,瓦,かわら
2,代る,かわる
2,缶,かん
2,勘,かん
2,考え,かんがえ
2,感覚,かんかく
2,間隔,かんかく
2,換気,かんき
2,観客,かんきゃく
2,環境,かんきょう
2,歓迎,かんげい
2,感激,かんげき
2,観光,かんこう
2,関西,かんさい
2,観察,かんさつ
2,感じ,かんじ
2,元日,がんじつ
2,感謝,かんしゃ
2,患者,かんじゃ
2,鑑賞,かんしょう
2,勘定,かんじょう
2,感情,かんじょう
2,感じる,かんじる
2,感ずる,かんずる
2,感心,かんしん
2,関心,かんしん
2,関する,かんする
2,完成,かんせい
2,間接,かんせつ
2,完全,かんぜん
2,乾燥,かんそう
2,感想,かんそう
2,観測,かんそく
2,寒帯,かんたい
2,官庁,かんちょう
2,勘違い,かんちがい
2,缶詰,かんづめ
2,乾電池,かんでんち
2,関東,かんとう
2,感動,かんどう
2,監督,かんとく
2,観念,かんねん
2,乾杯,かんぱい
2,頑張る,がんばる
2,看板,かんばん
2,看病,かんびょう
2,冠,かんむり
2,管理,かんり
2,完了,かんりょう
2,関連,かんれん
2,漢和,かんわ
2,気圧,きあつ
2,黄色,きいろ
2,議員,ぎいん
2,記憶,きおく
2,気温,きおん
2,器械,きかい
2,議会,ぎかい
2,着替え,きがえ
2,着替える,きがえる
2,期間,きかん
2,機関,きかん
2,機関車,きかんしゃ
2,企業,きぎょう
2,飢饉,ききん
2,効く,きく
2,器具,きぐ
2,期限,きげん
2,機嫌,きげん
2,気候,きこう
2,記号,きごう
2,刻む,きざむ
2,岸,きし
2,生地,きじ
2,記事,きじ
2,技師,ぎし
2,儀式,ぎしき
2,記者,きしゃ
2,基準,きじゅん
2,規準,きじゅん
2,起床,きしょう
2,傷,きず
2,着せる,きせる
2,基礎,きそ
2,,ギター
2,期待,きたい
2,気体,きたい
2,帰宅,きたく
2,基地,きち
2,貴重,きちょう
2,議長,ぎちょう
2,,きちんと
2,,きつい
2,,きっかけ
2,気付く,きづく
2,,きっと
2,,ぎっしり
2,,きっと
2,気に入る,きにいる
2,記入,きにゅう
2,記念,きねん
2,機能,きのう
2,気の毒,きのどく
2,基盤,きばん
2,寄付,きふ
2,希望,きぼう
2,基本,きほん
2,決まり,きまり
2,気味,きみ
2,奇妙,きみょう
2,義務,ぎむ
2,疑問,ぎもん
2,逆,ぎゃく
2,客席,きゃくせき
2,客間,きゃくま
2,,キャプテン
2,,ギャング
2,,キャンパス
2,,キャンプ
2,旧,きゅう
2,級,きゅう
2,球,きゅう
2,休暇,きゅうか
2,休業,きゅうぎょう
2,休憩,きゅうけい
2,急激,きゅうげき
2,休講,きゅうこう
2,吸収,きゅうしゅう
2,救助,きゅうじょ
2,急速,きゅうそく
2,休息,きゅうそく
2,急に,きゅうに
2,牛乳,ぎゅうにゅう
2,給与,きゅうよ
2,休養,きゅうよう
2,給料,きゅうりょう
2,清い,きよい
2,器用,きよう
2,強化,きょうか
2,境界,きょうかい
2,教科書,きょうかしょ
2,競技,きょうぎ
2,行儀,ぎょうぎ
2,供給,きょうきゅう
2,教師,きょうし
2,行事,ぎょうじ
2,教授,きょうじゅ
2,恐縮,きょうしゅく
2,強調,きょうちょう
2,共通,きょうつう
2,共同,きょうどう
2,恐怖,きょうふ
2,教養,きょうよう
2,協力,きょうりょく
2,強力,きょうりょく
2,行列,ぎょうれつ
2,許可,きょか
2,漁業,ぎょぎょう
2,局,きょく
2,曲線,きょくせん
2,巨大,きょだい
2,嫌う,きらう
2,霧,きり
2,規律,きりつ
2,斬る,きる
2,切れ,きれ
2,,きれい
2,切れる,きれる
2,,キロ
2,記録,きろく
2,議論,ぎろん
2,気を付ける,きをつける
2,銀,ぎん
2,禁煙,きんえん
2,金額,きんがく
2,金魚,きんぎょ
2,金庫,きんこ
2,禁止,きんし
2,金銭,きんせん
2,金属,きんぞく
2,近代,きんだい
2,緊張,きんちょう
2,筋肉,きんにく
2,金融,きんゆう
2,金曜,きんよう
2,句,く
2,区域,くいき
2,食う,くう
2,偶数,ぐうすう
2,偶然,ぐうぜん
2,空想,くうそう
2,空中,くうちゅう
2,,クーラー
2,釘,くぎ
2,区切る,くぎる
2,臭い,くさい
2,鎖,くさり
2,腐る,くさる
2,櫛,くし
2,,くしゃみ
2,苦情,くじょう
2,苦心,くしん
2,屑,くず
2,崩す,くずす
2,薬指,くすりゆび
2,崩れる,くずれる
2,癖,くせ
2,管,くだ
2,具体,ぐたい
2,砕く,くだく
2,砕ける,くだける
2,下さる,くださる
2,,くたびれる
2,,くだらない
2,下り,くだり
2,唇,くちびる
2,口紅,くちべに
2,苦痛,くつう
2,,くっつく
2,,くっつける
2,,ぐっすり
2,,くどい
2,句読点,くとうてん
2,配る,くばる
2,工夫,くふう
2,区分,くぶん
2,区別,くべつ
2,組,くみ
2,組合,くみあい
2,組合せ,くみあわせ
2,組み立てる,くみたてる
2,組む,くむ
2,汲む,くむ
2,酌む,くむ
2,曇,くもり
2,悔しい,くやしい
2,悔やむ,くやむ
2,位,くらい
2,暮らし,くらし
2,,クラシック
2,,クラス
2,暮らす,くらす
2,,グラス
2,,グラム
2,,グランド
2,,クリーニング
2,,クリーム
2,繰り返す,くりかえす
2,,クリスマス
2,狂う,くるう
2,,グループ
2,苦しい,くるしい
2,苦しむ,くるしむ
2,,くるむ
2,暮れ,くれ
2,,くれぐれも
2,,くれる
2,黒,くろ
2,苦労,くろう
2,加える,くわえる
2,咥える,くわえる
2,詳しい,くわしい
2,加わる,くわわる
2,訓,くん
2,軍,ぐん
2,郡,ぐん
2,軍隊,ぐんたい
2,訓練,くんれん
2,毛,け
2,計,けい
2,敬意,けいい
2,経営,けいえい
2,景気,けいき
2,稽古,けいこ
2,敬語,けいご
2,傾向,けいこう
2,蛍光灯,けいこうとう
2,警告,けいこく
2,計算,けいさん
2,掲示,けいじ
2,刑事,けいじ
2,形式,けいしき
2,芸術,げいじゅつ
2,継続,けいぞく
2,毛糸,けいと
2,経度,けいど
2,系統,けいとう
2,芸能,げいのう
2,競馬,けいば
2,警備,けいび
2,契約,けいやく
2,経由,けいゆ
2,形容詞,けいようし
2,形容動詞,けいようどうし
2,,ケーキ
2,,ケース
2,,ゲーム
2,怪我,けが
2,外科,げか
2,毛皮,けがわ
2,劇,げき
2,劇場,げきじょう
2,激増,げきぞう
2,消しゴム,けしゴム
2,下車,げしゃ
2,下旬,げじゅん
2,化粧,けしょう
2,下水,げすい
2,削る,けずる
2,桁,けた
2,下駄,げた
2,,けち
2,血圧,けつあつ
2,血液,けつえき
2,結果,けっか
2,欠陥,けっかん
2,月給,げっきゅう
2,結局,けっきょく
2,傑作,けっさく
2,決心,けっしん
2,欠席,けっせき
2,決定,けってい
2,欠点,けってん
2,月末,げつまつ
2,月曜,げつよう
2,結論,けつろん
2,気配,けはい
2,下品,げひん
2,煙い,けむい
2,煙,けむり
2,蹴る,ける
2,,けれど
2,険しい,けわしい
2,券,けん
2,県,けん
2,軒,けん
2,喧嘩,けんか
2,見解,けんかい
2,限界,げんかい
2,見学,けんがく
2,謙虚,けんきょ
2,現金,げんきん
2,言語,げんご
2,健康,けんこう
2,原稿,げんこう
2,検査,けんさ
2,現在,げんざい
2,原産,げんさん
2,原始,げんし
2,現実,げんじつ
2,研修,けんしゅう
2,厳重,げんじゅう
2,現象,げんしょう
2,現状,げんじょう
2,建設,けんせつ
2,謙遜,けんそん
2,現代,げんだい
2,建築,けんちく
2,県庁,けんちょう
2,限度,げんど
2,見当,けんとう
2,検討,けんとう
2,現に,げんに
2,現場,げんば
2,顕微鏡,けんびきょう
2,憲法,けんぽう
2,懸命,けんめい
2,権利,けんり
2,原理,げんり
2,原料,げんりょう
2,語,ご
2,碁,ご
2,恋,こい
2,濃い,こい
2,恋しい,こいしい
2,恋人,こいびと
2,,こう
2,工員,こういん
2,強引,ごういん
2,幸運,こううん
2,講演,こうえん
2,効果,こうか
2,硬貨,こうか
2,高価,こうか
2,豪華,ごうか
2,公害,こうがい
2,合格,ごうかく
2,交換,こうかん
2,高級,こうきゅう
2,公共,こうきょう
2,航空,こうくう
2,光景,こうけい
2,工芸,こうげい
2,合計,ごうけい
2,攻撃,こうげき
2,貢献,こうけん
2,孝行,こうこう
2,広告,こうこく
2,交差,こうさ
2,交際,こうさい
2,交差点,こうさてん
2,講師,こうし
2,工事,こうじ
2,公式,こうしき
2,口実,こうじつ
2,,こうして
2,校舎,こうしゃ
2,後者,こうしゃ
2,公衆,こうしゅう
2,香水,こうすい
2,公正,こうせい
2,構成,こうせい
2,功績,こうせき
2,光線,こうせん
2,高層,こうそう
2,構造,こうぞう
2,高速,こうそく
2,交替,こうたい
2,耕地,こうち
2,紅茶,こうちゃ
2,交通機関,こうつうきかん
2,校庭,こうてい
2,肯定,こうてい
2,高度,こうど
2,高等,こうとう
2,行動,こうどう
2,強盗,ごうとう
2,合同,ごうどう
2,後輩,こうはい
2,公表,こうひょう
2,幸福,こうふく
2,鉱物,こうぶつ
2,公平,こうへい
2,候補,こうほ
2,公務,こうむ
2,項目,こうもく
2,紅葉,こうよう
2,合理,ごうり
2,交流,こうりゅう
2,合流,ごうりゅう
2,考慮,こうりょ
2,効力,こうりょく
2,越える,こえる
2,超える,こえる
2,,ごえんりょなく
2,,コース
2,,コーチ
2,,コート
2,,コード
2,,コーヒー
2,,コーラス
2,氷,こおり
2,凍る,こおる
2,,ゴール
2,誤解,ごかい
2,語学,ごがく
2,焦がす,こがす
2,呼吸,こきゅう
2,故郷,こきょう
2,極,ごく
2,国王,こくおう
2,国語,こくご
2,国籍,こくせき
2,黒板,こくばん
2,克服,こくふく
2,国民,こくみん
2,穀物,こくもつ
2,国立,こくりつ
2,,ごくろうさま
2,焦げる,こげる
2,,ここ
2,凍える,こごえる
2,心当たり,こころあたり
2,心得る,こころえる
2,腰,こし
2,腰掛け,こしかけ
2,腰掛ける,こしかける
2,五十音,ごじゅうおん
2,胡椒,こしょう
2,,こしらえる
2,個人,こじん
2,越す,こす
2,超す,こす
2,擦る,こする
2,,ごぞんじですか
2,個体,こたい
2,御馳走,ごちそう
2,,ごちそうさま
2,,こちら
2,,こっち
2,,こちらこそ
2,国家,こっか
2,国会,こっかい
2,小遣い,こづかい
2,国境,こっきょう
2,,コック
2,骨折,こっせつ
2,,こっそり
2,小包,こづつみ
2,,コップ
2,古典,こてん
2,事,こと
2,琴,こと
2,言付ける,ことづける
2,異なる,ことなる
2,言葉遣い,ことばづかい
2,諺,ことわざ
2,断る,ことわる
2,粉,こな
2,,この
2,,このあいだ
2,,こないだ
2,,このごろ
2,好み,このみ
2,好む,このむ
2,,コピー
2,御無沙汰,ごぶさた
2,,こぼす
2,,こぼれる
2,塵,ごみ
2,塵芥,ごみ
2,,ゴム
2,小麦,こむぎ
2,御免,ごめん
2,,ごめんください
2,,ごめんなさい
2,小屋,こや
2,小指,こゆび
2,,こらえる
2,娯楽,ごらく
2,御覧,ごらん
2,,これ
2,,コレクション
2,,これら
2,頃,ころ
2,転がす,ころがす
2,転がる,ころがる
2,殺す,ころす
2,転ぶ,ころぶ
2,紺,こん
2,今回,こんかい
2,,コンクール
2,,コンクリート
2,今後,こんご
2,混合,こんごう
2,,コンサート
2,混雑,こんざつ
2,,コンセント
2,献立,こんだて
2,,こんな
2,,こんなに
2,困難,こんなん
2,,こんにちは
2,,こんばんは
2,,コンピューター
2,婚約,こんやく
2,混乱,こんらん
2,差,さ
2,,さあ
2,,サークル
2,,サービス
2,際,さい
2,在学,ざいがく
2,最高,さいこう
2,再三,さいさん
2,財産,ざいさん
2,祭日,さいじつ
2,最終,さいしゅう
2,催促,さいそく
2,最中,さいちゅう
2,最低,さいてい
2,採点,さいてん
2,災難,さいなん
2,才能,さいのう
2,裁判,さいばん
2,裁縫,さいほう
2,材木,ざいもく
2,材料,ざいりょう
2,,サイレン
2,幸い,さいわい
2,,サイン
2,坂,さか
2,境,さかい
2,逆さ,さかさ
2,逆様,さかさま
2,捜す,さがす
2,遡る,さかのぼる
2,酒場,さかば
2,逆らう,さからう
2,盛り,さかり
2,,さきおととい
2,先程,さきほど
2,作業,さぎょう
2,裂く,さく
2,昨,さく
2,索引,さくいん
2,作者,さくしゃ
2,削除,さくじょ
2,作成,さくせい
2,作製,さくせい
2,作品,さくひん
2,作物,さくもつ
2,桜,さくら
2,探る,さぐる
2,酒,さけ
2,叫ぶ,さけぶ
2,避ける,さける
2,支える,ささえる
2,囁く,ささやく
2,刺さる,ささる
2,匙,さじ
2,座敷,ざしき
2,差し支え,さしつかえ
2,差し引き,さしひき
2,刺身,さしみ
2,刺す,さす
2,差す,さす
2,指す,さす
2,挿す,さす
2,注す,さす
2,射す,さす
2,,さす
2,流石,さすが
2,座席,ざせき
2,誘う,さそう
2,札,さつ
2,撮影,さつえい
2,雑音,ざつおん
2,作家,さっか
2,,さっき
2,作曲,さっきょく
2,,さっさと
2,早速,さっそく
2,,ざっと
2,,さっぱり
2,,さて
2,砂漠,さばく
2,錆,さび
2,錆びる,さびる
2,座布団,ざぶとん
2,差別,さべつ
2,作法,さほう
2,様々,さまざま
2,冷ます,さます
2,覚ます,さます
2,妨げる,さまたげる
2,冷める,さめる
2,覚める,さめる
2,左右,さゆう
2,,さようなら
2,皿,さら
2,再来月,さらいげつ
2,再来週,さらいしゅう
2,,サラダ
2,更に,さらに
2,,サラリーマン
2,去る,さる
2,猿,さる
2,騒がしい,さわがしい
2,騒ぎ,さわぎ
2,,さわやか
2,参加,さんか
2,三角,さんかく
2,産業,さんぎょう
2,参考,さんこう
2,算数,さんすう
2,賛成,さんせい
2,酸性,さんせい
2,酸素,さんそ
2,,サンダル
2,産地,さんち
2,,サンドイッチ
2,,サンプル
2,山林,さんりん
2,市,し
2,氏,し
2,詩,し
2,仕上がる,しあがる
2,,しあさって
2,幸せ,しあわせ
2,,シーズン
2,,シーツ
2,寺院,じいん
2,,しいんと
2,,ジーンズ
2,自衛,じえい
2,ジェット機,ジェットき
2,塩辛い,しおからい
2,司会,しかい
2,四角,しかく
2,四角い,しかくい
2,,しかし
2,,しかたがない
2,直に,じかに
2,,しかも
2,叱る,しかる
2,時間割,じかんわり
2,式,しき
2,四季,しき
2,直,じき
2,時期,じき
2,敷地,しきち
2,支給,しきゅう
2,至急,しきゅう
2,,しきりに
2,敷く,しく
2,刺激,しげき
2,茂る,しげる
2,資源,しげん
2,事件,じけん
2,時刻,じこく
2,自殺,じさつ
2,持参,じさん
2,事実,じじつ
2,磁石,じしゃく
2,四捨五入,ししゃごにゅう
2,始終,しじゅう
2,自習,じしゅう
2,支出,ししゅつ
2,事情,じじょう
2,詩人,しじん
2,自身,じしん
2,静まる,しずまる
2,沈む,しずむ
2,姿勢,しせい
2,自然科学,しぜんかがく
2,自然,しぜん
2,思想,しそう
2,時速,じそく
2,子孫,しそん
2,舌,した
2,死体,したい
2,次第,しだい
2,事態,じたい
2,従う,したがう
2,下書き,したがき
2,,したがって
2,自宅,じたく
2,親しい,したしい
2,下町,したまち
2,自治,じち
2,質,しつ
2,,しっかり
2,実感,じっかん
2,失業,しつぎょう
2,湿気,しっけ
2,実験,じっけん
2,実現,じつげん
2,,しつこい
2,実行,じっこう
2,実際,じっさい
2,実施,じっし
2,実習,じっしゅう
2,実績,じっせき
2,湿度,しつど
2,,じっと
2,実に,じつに
2,実は,じつは
2,執筆,しっぴつ
2,実物,じつぶつ
2,,しっぽ
2,失望,しつぼう
2,実用,じつよう
2,実力,じつりょく
2,,しつれいしました
2,実例,じつれい
2,失恋,しつれん
2,指定,してい
2,私鉄,してつ
2,支店,してん
2,指導,しどう
2,自動,じどう
2,児童,じどう
2,品,しな
2,支配,しはい
2,芝居,しばい
2,,しばしば
2,芝生,しばふ
2,支払,しはらい
2,支払う,しはらう
2,,しばらく
2,縛る,しばる
2,地盤,じばん
2,,しびれる
2,紙幣,しへい
2,死亡,しぼう
2,,しぼむ
2,絞る,しぼる
2,資本,しほん
2,縞,しま
2,,しまい
2,姉妹,しまい
2,,しまう
2,,しまった
2,自慢,じまん
2,地味,じみ
2,,しみじみ
2,市民,しみん
2,事務,じむ
2,氏名,しめい
2,締切,しめきり
2,締め切る,しめきる
2,示す,しめす
2,,しめた
2,占める,しめる
2,湿る,しめる
2,地面,じめん
2,霜,しも
2,,じゃあ
2,,ジャーナリスト
2,社会科学,しゃかいかがく
2,,しゃがむ
2,蛇口,じゃぐち
2,弱点,じゃくてん
2,車庫,しゃこ
2,車掌,しゃしょう
2,写生,しゃせい
2,社説,しゃせつ
2,,シャツ
2,借金,しゃっきん
2,,しゃっくり
2,,シャッター
2,,しゃぶる
2,,しゃべる
2,邪魔,じゃま
2,車輪,しゃりん
2,洒落,しゃれ
2,,ジャム
2,,シャワー
2,,じゃんけん
2,週,しゅう
2,州,しゅう
2,銃,じゅう
2,周囲,しゅうい
2,集会,しゅうかい
2,収穫,しゅうかく
2,週間,しゅうかん
2,住居,じゅうきょ
2,宗教,しゅうきょう
2,集金,しゅうきん
2,集合,しゅうごう
2,習字,しゅうじ
2,重視,じゅうし
2,就職,しゅうしょく
2,,ジュース
2,修正,しゅうせい
2,修繕,しゅうぜん
2,重体,じゅうたい
2,渋滞,じゅうたい
2,重大,じゅうだい
2,住宅,じゅうたく
2,集団,しゅうだん
2,,じゅうたん
2,集中,しゅうちゅう
2,終点,しゅうてん
2,重点,じゅうてん
2,収入,しゅうにゅう
2,就任,しゅうにん
2,周辺,しゅうへん
2,住民,じゅうみん
2,重役,じゅうやく
2,重要,じゅうよう
2,修理,しゅうり
2,終了,しゅうりょう
2,重量,じゅうりょう
2,重力,じゅうりょく
2,主義,しゅぎ
2,熟語,じゅくご
2,祝日,しゅくじつ
2,縮小,しゅくしょう
2,宿泊,しゅくはく
2,受験,じゅけん
2,主語,しゅご
2,手術,しゅじゅつ
2,首相,しゅしょう
2,主人,しゅじん
2,手段,しゅだん
2,主張,しゅちょう
2,出勤,しゅっきん
2,述語,じゅつご
2,出場,しゅつじょう
2,出身,しゅっしん
2,出張,しゅっちょう
2,出版,しゅっぱん
2,首都,しゅと
2,主婦,しゅふ
2,寿命,じゅみょう
2,主役,しゅやく
2,主要,しゅよう
2,需要,じゅよう
2,種類,しゅるい
2,受話器,じゅわき
2,順,じゅん
2,瞬間,しゅんかん
2,循環,じゅんかん
2,巡査,じゅんさ
2,順々,じゅんじゅん
2,順序,じゅんじょ
2,純情,じゅんじょう
2,純粋,じゅんすい
2,順調,じゅんちょう
2,順番,じゅんばん
2,使用,しよう
2,小,しょう
2,章,しょう
2,賞,しょう
2,消化,しょうか
2,障害,しょうがい
2,奨学金,しょうがくきん
2,小学生,しょうがくせい
2,,しょうがない
2,将棋,しょうぎ
2,蒸気,じょうき
2,定規,じょうぎ
2,乗客,じょうきゃく
2,上級,じょうきゅう
2,商業,しょうぎょう
2,上京,じょうきょう
2,状況,じょうきょう
2,消極的,しょうきょくてき
2,賞金,しょうきん
2,上下,じょうげ
2,条件,じょうけん
2,正午,しょうご
2,障子,しょうじ
2,正直,しょうじき
2,常識,じょうしき
2,商社,しょうしゃ
2,乗車,じょうしゃ
2,上旬,じょうじゅん
2,少女,しょうじょ
2,少々,しょうしょう
2,症状,しょうじょう
2,生じる,しょうじる
2,生ずる,しょうずる
2,小数,しょうすう
2,状態,じょうたい
2,上達,じょうたつ
2,冗談,じょうだん
2,商店,しょうてん
2,焦点,しょうてん
2,上等,じょうとう
2,消毒,しょうどく
2,衝突,しょうとつ
2,商人,しょうにん
2,承認,しょうにん
2,少年,しょうねん
2,勝敗,しょうはい
2,商売,しょうばい
2,蒸発,じょうはつ
2,消費,しょうひ
2,商品,しょうひん
2,賞品,しょうひん
2,上品,じょうひん
2,勝負,しょうぶ
2,小便,しょうべん
2,消防,しょうぼう
2,消防署,しょうぼうしょ
2,情報,じょうほう
2,正味,しょうみ
2,証明,しょうめい
2,正面,しょうめん
2,消耗,しょうもう
2,醤油,しょうゆ
2,省略,しょうりゃく
2,女王,じょおう
2,初級,しょきゅう
2,助教授,じょきょうじゅ
2,職,しょく
2,食塩,しょくえん
2,職業,しょくぎょう
2,食卓,しょくたく
2,職人,しょくにん
2,職場,しょくば
2,食品,しょくひん
2,植物,しょくぶつ
2,食物,しょくもつ
2,食欲,しょくよく
2,食料,しょくりょう
2,食糧,しょくりょう
2,書斎,しょさい
2,女子,じょし
2,助手,じょしゅ
2,初旬,しょじゅん
2,徐々に,じょじょに
2,書籍,しょせき
2,食器,しょっき
2,,ショップ
2,書店,しょてん
2,書道,しょどう
2,初歩,しょほ
2,署名,しょめい
2,書物,しょもつ
2,女優,じょゆう
2,処理,しょり
2,書類,しょるい
2,白髪,しらが
2,知らせ,しらせ
2,尻,しり
2,知合い,しりあい
2,,シリーズ
2,私立,しりつ
2,資料,しりょう
2,汁,しる
2,印,しるし
2,白,しろ
2,城,しろ
2,素人,しろうと
2,,しわ
2,芯,しん
2,進学,しんがく
2,新幹線,しんかんせん
2,真空,しんくう
2,神経,しんけい
2,真剣,しんけん
2,信仰,しんこう
2,信号,しんごう
2,人工,じんこう
2,深刻,しんこく
2,診察,しんさつ
2,人事,じんじ
2,人種,じんしゅ
2,信じる,しんじる
2,信ずる,しんずる
2,心身,しんしん
2,申請,しんせい
2,人生,じんせい
2,親戚,しんせき
2,新鮮,しんせん
2,心臓,しんぞう
2,人造,じんぞう
2,身体,しんたい
2,寝台,しんだい
2,診断,しんだん
2,身長,しんちょう
2,慎重,しんちょう
2,侵入,しんにゅう
2,審判,しんぱん
2,人物,じんぶつ
2,人文科学,じんぶんかがく
2,進歩,しんぽ
2,人命,じんめい
2,深夜,しんや
2,親友,しんゆう
2,信用,しんよう
2,信頼,しんらい
2,心理,しんり
2,森林,しんりん
2,親類,しんるい
2,人類,じんるい
2,針路,しんろ
2,神話,しんわ
2,巣,す
2,酢,す
2,図,ず
2,水産,すいさん
2,炊事,すいじ
2,水準,すいじゅん
2,水蒸気,すいじょうき
2,推薦,すいせん
2,水素,すいそ
2,垂直,すいちょく
2,,スイッチ
2,推定,すいてい
2,水滴,すいてき
2,水筒,すいとう
2,随筆,ずいひつ
2,水分,すいぶん
2,随分,ずいぶん
2,水平,すいへい
2,水平線,すいへいせん
2,睡眠,すいみん
2,水面,すいめん
2,水曜,すいよう
2,数字,すうじ
2,,ずうずうしい
2,,スーツ
2,,スーツケース
2,,ずうっと
2,,スーパー
2,,スープ
2,末,すえ
2,末っ子,すえっこ
2,姿,すがた
2,,スカート
2,,スカーフ
2,図鑑,ずかん
2,隙,すき
2,杉,すぎ
2,,スキー
2,好き嫌い,すききらい
2,好き好き,すきずき
2,透き通る,すきとおる
2,隙間,すきま
2,,すぐに
2,救う,すくう
2,,スクール
2,少ない,すくない
2,,すくなくとも
2,優れる,すぐれる
2,図形,ずけい
2,,スケート
2,,スケジュール
2,,すごい
2,少しも,すこしも
2,過ごす,すごす
2,筋,すじ
2,鈴,すず
2,進む,すすむ
2,涼む,すずむ
2,進める,すすめる
2,勧める,すすめる
2,,スター
2,,スタート
2,,スタイル
2,,スタンド
2,,スチュワーデス
2,頭痛,ずつう
2,,すっかり
2,,すっきり
2,,すっと
2,,ずっと
2,,すっぱい
2,,ステージ
2,,すてき
2,既に,すでに
2,棄てる,すてる
2,,ステレオ
2,,ストッキング
2,,ストップ
2,素直,すなお
2,,すなわち
2,頭脳,ずのう
2,素晴らしい,すばらしい
2,,スピーカー
2,,スピーチ
2,図表,ずひょう
2,,スプーン
2,全て,すべて
2,滑る,すべる
2,,スポーツ
2,,スマート
2,住まい,すまい
2,済ませる,すませる
2,,すまない
2,墨,すみ
2,,すみません
2,澄む,すむ
2,清む,すむ
2,相撲,すもう
2,,スライド
2,,ずらす
2,,ずらり
2,掏摸,すり
2,,スリッパ
2,刷る,する
2,為る,する
2,狡い,ずるい
2,,すると
2,鋭い,するどい
2,,すれちがう
2,滑れる,ずれる
2,寸法,すんぽう
2,正,せい
2,生,せい
2,性,せい
2,姓,せい
2,所為,せい
2,税,ぜい
2,性格,せいかく
2,正確,せいかく
2,税関,ぜいかん
2,世紀,せいき
2,請求,せいきゅう
2,税金,ぜいきん
2,清潔,せいけつ
2,制限,せいげん
2,成功,せいこう
2,製作,せいさく
2,制作,せいさく
2,生産,せいさん
2,正式,せいしき
2,性質,せいしつ
2,清書,せいしょ
2,青少年,せいしょうねん
2,精神,せいしん
2,成人,せいじん
2,整数,せいすう
2,精々,せいぜい
2,成績,せいせき
2,清掃,せいそう
2,製造,せいぞう
2,生存,せいぞん
2,贅沢,ぜいたく
2,成長,せいちょう
2,生長,せいちょう
2,制度,せいど
2,政党,せいとう
2,青年,せいねん
2,生年月日,せいねんがっぴ
2,性能,せいのう
2,整備,せいび
2,製品,せいひん
2,政府,せいふ
2,生物,せいぶつ
2,成分,せいぶん
2,性別,せいべつ
2,正方形,せいほうけい
2,生命,せいめい
2,正門,せいもん
2,整理,せいり
2,成立,せいりつ
2,西暦,せいれき
2,,セーター
2,背負う,せおう
2,咳,せき
2,石炭,せきたん
2,赤道,せきどう
2,責任,せきにん
2,石油,せきゆ
2,世間,せけん
2,説,せつ
2,折角,せっかく
2,積極的,せっきょくてき
2,接近,せっきん
2,設計,せっけい
2,石鹸,せっけん
2,接する,せっする
2,,せっせと
2,接続,せつぞく
2,絶対,ぜったい
2,,セット
2,設備,せつび
2,絶滅,ぜつめつ
2,節約,せつやく
2,瀬戸物,せともの
2,是非,ぜひ
2,,ぜひとも
2,迫る,せまる
2,,ゼミ
2,,せめて
2,攻める,せめる
2,責める,せめる
2,,セメント
2,台詞,せりふ
2,,ゼロ
2,栓,せん
2,善,ぜん
2,全,ぜん
2,全員,ぜんいん
2,前後,ぜんご
2,専攻,せんこう
2,全国,ぜんこく
2,洗剤,せんざい
2,先日,せんじつ
2,前者,ぜんしゃ
2,選手,せんしゅ
2,全集,ぜんしゅう
2,全身,ぜんしん
2,前進,ぜんしん
2,扇子,せんす
2,専制,せんせい
2,全然,ぜんぜん
2,先々月,せんせんげつ
2,先々週,せんせんしゅう
2,先祖,せんぞ
2,,センター
2,全体,ぜんたい
2,選択,せんたく
2,先端,せんたん
2,,センチ
2,宣伝,せんでん
2,先頭,せんとう
2,全般,ぜんぱん
2,扇風機,せんぷうき
2,洗面,せんめん
2,全力,ぜんりょく
2,線路,せんろ
2,,そう
2,象,ぞう
2,相違,そうい
2,,そういえば
2,騒音,そうおん
2,増加,ぞうか
2,雑巾,ぞうきん
2,増減,ぞうげん
2,倉庫,そうこ
2,相互,そうご
2,操作,そうさ
2,創作,そうさく
2,葬式,そうしき
2,,そうして
2,造船,ぞうせん
2,想像,そうぞう
2,騒々しい,そうぞうしい
2,相続,そうぞく
2,増大,ぞうだい
2,装置,そうち
2,,そうっと
2,相当,そうとう
2,送別,そうべつ
2,草履,ぞうり
2,総理大臣,そうりだいじん
2,送料,そうりょう
2,属する,ぞくする
2,続々,ぞくぞく
2,速達,そくたつ
2,測定,そくてい
2,速度,そくど
2,測量,そくりょう
2,速力,そくりょく
2,,そこ
2,底,そこ
2,,そこで
2,組織,そしき
2,素質,そしつ
2,,そして
2,祖先,そせん
2,注ぐ,そそぐ
2,,そそっかしい
2,育つ,そだつ
2,,そちら
2,,そっち
2,,そっくり
2,卒直,そっちょく
2,,そっと
2,袖,そで
2,備える,そなえる
2,具える,そなえる
2,,その
2,,そのうえ
2,,そのうち
2,,そのころ
2,,そのため
2,,そのほか
2,,そのまま
2,側,そば
2,蕎麦,そば
2,,ソファー
2,粗末,そまつ
2,剃る,そる
2,,それ
2,,それから
2,,それぞれ
2,,それで
2,,それでは
2,,それでも
2,,それと
2,,それとも
2,,それなのに
2,,それなら
2,,それに
2,,それはいけませんね
2,,それほど
2,逸れる,それる
2,揃う,そろう
2,揃える,そろえる
2,,そろそろ
2,算盤,そろばん
2,損,そん
2,損害,そんがい
2,尊敬,そんけい
2,存在,そんざい
2,存じる,ぞんじる
2,存ずる,ぞんずる
2,尊重,そんちょう
2,損得,そんとく
2,,そんな
2,,そんなに
2,田,た
2,田ぼ,たんぼ
2,他,た
2,対,たい
2,大,だい
2,台,だい
2,題,だい
2,体育,たいいく
2,,だいいち
2,体温,たいおん
2,大会,たいかい
2,大学院,だいがくいん
2,大気,たいき
2,代金,だいきん
2,大工,だいく
2,退屈,たいくつ
2,体系,たいけい
2,太鼓,たいこ
2,滞在,たいざい
2,対策,たいさく
2,大使,たいし
2,大した,たいした
2,大して,たいして
2,体重,たいじゅう
2,対象,たいしょう
2,対照,たいしょう
2,大小,だいしょう
2,大臣,だいじん
2,対する,たいする
2,体制,たいせい
2,体積,たいせき
2,大戦,たいせん
2,大層,たいそう
2,体操,たいそう
2,大体,だいたい
2,大抵,たいてい
2,態度,たいど
2,大統領,だいとうりょう
2,大半,たいはん
2,代表,だいひょう
2,,タイプ
2,大分,だいぶ
2,大部分,だいぶぶん
2,,タイプライター
2,,たいへん
2,逮捕,たいほ
2,大木,たいぼく
2,題名,だいめい
2,代名詞,だいめいし
2,,タイア
2,,ダイヤ
2,,ダイヤグラム
2,,ダイヤモンド
2,,ダイヤル
2,太陽,たいよう
2,平ら,たいら
2,代理,だいり
2,大陸,たいりく
2,対立,たいりつ
2,田植え,たうえ
2,絶えず,たえず
2,楕円,だえん
2,倒す,たおす
2,,タオル
2,,だが
2,互い,たがい
2,高める,たかめる
2,耕す,たがやす
2,宝,たから
2,,だから
2,滝,たき
2,宅,たく
2,炊く,たく
2,焚く,たく
2,,たくさん
2,,タクシー
2,蓄える,たくわえる
2,竹,たけ
2,,だけど
2,,たしか
2,確かめる,たしかめる
2,多少,たしょう
2,助かる,たすかる
2,助ける,たすける
2,尋ねる,たずねる
2,,ただ
2,只,ただ
2,唯,ただ
2,,ただいま
2,戦い,たたかい
2,戦う,たたかう
2,叩く,たたく
2,但し,ただし
2,直ちに,ただちに
2,畳む,たたむ
2,立ち上がる,たちあがる
2,立ち止まる,たちどまる
2,立場,たちば
2,,たちまち
2,建つ,たつ
2,発つ,たつ
2,経つ,たつ
2,達する,たっする
2,脱線,だっせん
2,,だって
2,,たっぷり
2,縦,たて
2,妥当,だとう
2,,たとえ
2,例える,たとえる
2,谷,たに
2,他人,たにん
2,種,たね
2,楽しみ,たのしみ
2,頼もしい,たのもしい
2,束,たば
2,,たばこ
2,足袋,たび
2,度,たび
2,旅,たび
2,,たびたび
2,,ダブル
2,多分,たぶん
2,玉,たま
2,弾,たま
2,偶,たま
2,,だます
2,偶々,たまたま
2,,たまに
2,,たまらない
2,溜まる,たまる
2,黙る,だまる
2,,ダム
2,為,ため
2,駄目,だめ
2,溜息,ためいき
2,試し,ためし
2,試す,ためす
2,,ためらう
2,溜める,ためる
2,便り,たより
2,頼る,たよる
2,,だらしない
2,足る,たる
2,誰,だれ
2,誰か,だれか
2,段,だん
2,単位,たんい
2,段階,だんかい
2,短期,たんき
2,単語,たんご
2,炭鉱,たんこう
2,男子,だんし
2,単純,たんじゅん
2,短所,たんしょ
2,誕生,たんじょう
2,,たんす
2,,ダンス
2,淡水,たんすい
2,断水,だんすい
2,単数,たんすう
2,団体,だんたい
2,,だんだん
2,団地,だんち
2,断定,だんてい
2,担当,たんとう
2,単なる,たんなる
2,単に,たんに
2,短編,たんぺん
2,地,ち
2,地位,ちい
2,地域,ちいき
2,,チーズ
2,,チーム
2,知恵,ちえ
2,地下,ちか
2,違い,ちがい
2,違いない,ちがいない
2,誓う,ちかう
2,近頃,ちかごろ
2,地下水,ちかすい
2,近々,ちかぢか
2,近付ける,ちかづける
2,近寄る,ちかよる
2,力強い,ちからづよい
2,地球,ちきゅう
2,,ちぎる
2,地区,ちく
2,遅刻,ちこく
2,知事,ちじ
2,知識,ちしき
2,地質,ちしつ
2,知人,ちじん
2,地帯,ちたい
2,父親,ちちおや
2,縮む,ちぢむ
2,縮める,ちぢめる
2,縮れる,ちぢれる
2,,ちっとも
2,,チップ
2,地点,ちてん
2,知能,ちのう
2,地平線,ちへいせん
2,地方,ちほう
2,地名,ちめい
2,茶,ちゃ
2,茶色い,ちゃいろい
2,着々,ちゃくちゃく
2,茶碗,ちゃわん
2,,チャンス
2,,ちゃんと
2,注,ちゅう
2,中央,ちゅうおう
2,中学,ちゅうがく
2,中間,ちゅうかん
2,中古,ちゅうこ
2,中止,ちゅうし
2,駐車,ちゅうしゃ
2,中旬,ちゅうじゅん
2,抽象,ちゅうしょう
2,昼食,ちゅうしょく
2,中心,ちゅうしん
2,中世,ちゅうせい
2,中性,ちゅうせい
2,中途,ちゅうと
2,中年,ちゅうねん
2,注目,ちゅうもく
2,注文,ちゅうもん
2,超過,ちょうか
2,長期,ちょうき
2,彫刻,ちょうこく
2,調査,ちょうさ
2,調子,ちょうし
2,長所,ちょうしょ
2,長女,ちょうじょ
2,頂上,ちょうじょう
2,調整,ちょうせい
2,調節,ちょうせつ
2,,ちょうだい
2,長短,ちょうたん
2,頂点,ちょうてん
2,,ちょうど
2,長男,ちょうなん
2,長方形,ちょうほうけい
2,調味料,ちょうみりょう
2,,チョーク
2,貯金,ちょきん
2,直後,ちょくご
2,直接,ちょくせつ
2,直線,ちょくせん
2,直前,ちょくぜん
2,直通,ちょくつう
2,直流,ちょくりゅう
2,著者,ちょしゃ
2,貯蔵,ちょぞう
2,直角,ちょっかく
2,直径,ちょっけい
2,,ちょっと
2,散らかす,ちらかす
2,散らかる,ちらかる
2,散らす,ちらす
2,塵紙,ちりがみ
2,散る,ちる
2,遂に,ついに
2,追加,ついか
2,,ついで
2,通過,つうか
2,通貨,つうか
2,通学,つうがく
2,通勤,つうきん
2,通行,つうこう
2,通じる,つうじる
2,通ずる,つうずる
2,通信,つうしん
2,通知,つうち
2,通帳,つうちょう
2,通訳,つうやく
2,通用,つうよう
2,通路,つうろ
2,捕まる,つかまる
2,掴む,つかむ
2,疲れ,つかれ
2,月,つき
2,付き合い,つきあい
2,付合う,つきあう
2,突き当たり,つきあたり
2,突き当たる,つきあたる
2,次々,つぎつぎ
2,月日,つきひ
2,付く,つく
2,就く,つく
2,点く,つく
2,突く,つく
2,次ぐ,つぐ
2,造る,つくる
2,付ける,つける
2,着ける,つける
2,点ける,つける
2,浸ける,つける
2,伝わる,つたわる
2,土,つち
2,続き,つづき
2,突っ込む,つっこむ
2,包み,つつみ
2,勤め,つとめ
2,務め,つとめ
2,務める,つとめる
2,努める,つとめる
2,綱,つな
2,繋がり,つながり
2,繋がる,つながる
2,繋ぐ,つなぐ
2,繋げる,つなげる
2,常に,つねに
2,翼,つばさ
2,粒,つぶ
2,潰す,つぶす
2,潰れる,つぶれる
2,,つまずく
2,,つまらない
2,,つまり
2,詰まる,つまる
2,罪,つみ
2,積む,つむ
2,爪,つめ
2,詰める,つめる
2,,つもり
2,積もる,つもる
2,艶,つや
2,梅雨,つゆ
2,強気,つよき
2,釣,つり
2,釣り合う,つりあう
2,吊る,つる
2,吊す,つるす
2,連れ,つれ
2,,で
2,出会い,であい
2,出合い,であい
2,出会う,であう
2,出合う,であう
2,手洗い,てあらい
2,提案,ていあん
2,定員,ていいん
2,定価,ていか
2,低下,ていか
2,定期,ていき
2,定期券,ていきけん
2,定休日,ていきゅうび
2,抵抗,ていこう
2,停止,ていし
2,停車,ていしゃ
2,提出,ていしゅつ
2,停電,ていでん
2,程度,ていど
2,出入り,でいり
2,出入口,でいりぐち
2,停留所,ていりゅうじょ
2,手入れ,ていれ
2,,デート
2,,テープ
2,,テーブル
2,,テープレコーダー
2,,テーマ
2,出掛ける,でかける
2,敵,てき
2,出来上がり,できあがり
2,出来上がる,できあがる
2,的確,てきかく
2,適確,てきかく
2,出来事,できごと
2,,テキスト
2,適する,てきする
2,適切,てきせつ
2,適度,てきど
2,適用,てきよう
2,,できる
2,出来るだけ,できるだけ
2,,できれば
2,手首,てくび
2,凸凹,でこぼこ
2,手頃,てごろ
2,弟子,でし
2,手品,てじな
2,,ですから
2,,テスト
2,,でたらめ
2,手帳,てちょう
2,鉄,てつ
2,哲学,てつがく
2,鉄橋,てっきょう
2,手伝い,てつだい
2,手続き,てつづき
2,徹底,てってい
2,鉄道,てつどう
2,鉄砲,てっぽう
2,徹夜,てつや
2,,テニス
2,,テニスコート
2,手拭い,てぬぐい
2,,では
2,,デパート
2,手間,てま
2,手前,てまえ
2,出迎え,でむかえ
2,出迎える,でむかえる
2,,でも
2,,デモ
2,照らす,てらす
2,照る,てる
2,,テレビ
2,展開,てんかい
2,伝記,でんき
2,電球,でんきゅう
2,典型,てんけい
2,天候,てんこう
2,電子,でんし
2,点数,てんすう
2,伝染,でんせん
2,電池,でんち
2,点々,てんてん
2,転々,てんてん
2,電柱,でんちゅう
2,,テント
2,伝統,でんとう
2,天然,てんねん
2,天皇,てんのう
2,電波,でんぱ
2,,テンポ
2,電流,でんりゅう
2,電力,でんりょく
2,都,と
2,,ドア
2,問い,とい
2,問い合わせ,といあわせ
2,,トイレ
2,党,とう
2,塔,とう
2,,どう
2,銅,どう
2,答案,とうあん
2,,どういたしまして
2,統一,とういつ
2,同一,どういつ
2,,どうか
2,同格,どうかく
2,峠,とうげ
2,統計,とうけい
2,動作,どうさ
2,東西,とうざい
2,当時,とうじ
2,動詞,どうし
2,同時,どうじ
2,当日,とうじつ
2,,どうして
2,,どうしても
2,投書,とうしょ
2,登場,とうじょう
2,,どうせ
2,,どうぞ
2,,どうぞよろしく
2,灯台,とうだい
2,到着,とうちゃく
2,,とうとう
2,道徳,どうとく
2,盗難,とうなん
2,当番,とうばん
2,投票,とうひょう
2,等分,とうぶん
2,透明,とうめい
2,,どうも
2,灯油,とうゆ
2,東洋,とうよう
2,同様,どうよう
2,童謡,どうよう
2,同僚,どうりょう
2,道路,どうろ
2,童話,どうわ
2,通す,とおす
2,通り掛かる,とおりかかる
2,通り過ぎる,とおりすぎる
2,都会,とかい
2,溶かす,とかす
2,尖る,とがる
2,時,とき
2,,どきどき
2,溶く,とく
2,解く,とく
2,退く,どく
2,毒,どく
2,得意,とくい
2,特殊,とくしゅ
2,読書,どくしょ
2,特色,とくしょく
2,独身,どくしん
2,特徴,とくちょう
2,特長,とくちょう
2,特定,とくてい
2,独特,どくとく
2,特売,とくばい
2,独立,どくりつ
2,溶け込む,とけこむ
2,溶ける,とける
2,解ける,とける
2,退ける,どける
2,,どこ
2,,どこか
2,床の間,とこのま
2,床屋,とこや
2,,ところが
2,,ところで
2,所々,ところどころ
2,登山,とざん
2,都市,とし
2,年月,としつき
2,図書,としょ
2,年寄,としより
2,閉じる,とじる
2,都心,としん
2,戸棚,とだな
2,途端,とたん
2,土地,とち
2,,どちら
2,,どっち
2,,とっくに
2,突然,とつぜん
2,,どっと
2,,トップ
2,,とても
2,届く,とどく
2,整う,ととのう
2,留まる,とどまる
2,,どなた
2,,どなる
2,,とにかく
2,,どの
2,飛ばす,とばす
2,飛び込む,とびこむ
2,飛び出す,とびだす
2,跳ぶ,とぶ
2,留める,とめる
2,泊める,とめる
2,友,とも
2,,ともかく
2,共に,ともに
2,土曜,どよう
2,虎,とら
2,,ドライブ
2,捕える,とらえる
2,,トラック
2,,ドラマ
2,,トランプ
2,取り上げる,とりあげる
2,取り入れる,とりいれる
2,取り消す,とりけす
2,取り出す,とりだす
2,努力,どりょく
2,採る,とる
2,捕る,とる
2,,どれ
2,,トレーニング
2,,ドレス
2,取れる,とれる
2,泥,どろ
2,,とん
2,,とんでもない
2,,どんどん
2,,どんな
2,,どんなに
2,,トンネル
2,丼,どんぶり
2,名,な
2,無い,ない
2,内科,ないか
2,内線,ないせん
2,,ナイフ
2,内容,ないよう
2,,ナイロン
2,,なお
2,治す,なおす
2,仲,なか
2,永い,ながい
2,流す,ながす
2,仲直り,なかなおり
2,,なかなか
2,半ば,なかば
2,長引く,ながびく
2,仲間,なかま
2,中身,なかみ
2,中味,なかみ
2,眺め,ながめ
2,眺める,ながめる
2,中指,なかゆび
2,仲良し,なかよし
2,流れ,ながれ
2,流れる,ながれる
2,慰める,なぐさめる
2,亡くす,なくす
2,,なぐる
2,,なさる
2,無し,なし
2,為す,なす
2,,なぜ
2,,なぜなら
2,謎,なぞ
2,謎謎,なぞなぞ
2,傾らか,なだらか
2,懐かしい,なつかしい
2,納得,なっとく
2,撫でる,なでる
2,等,など
2,斜め,ななめ
2,何か,なにか
2,,なにしろ
2,何々,なになに
2,何分,なにぶん
2,,なにも
2,鍋,なべ
2,生意気,なまいき
2,怠ける,なまける
2,波,なみ
2,並木,なみき
2,涙,なみだ
2,悩む,なやむ
2,倣う,ならう
2,鳴らす,ならす
2,成る,なる
2,生る,なる
2,,なるべく
2,成程,なるほど
2,馴れる,なれる
2,縄,なわ
2,南極,なんきょく
2,何で,なんで
2,何でも,なんでも
2,何とか,なんとか
2,,なんとなく
2,,なんとも
2,,ナンバー
2,南米,なんべい
2,南北,なんぼく
2,似合う,にあう
2,煮える,にえる
2,匂い,におい
2,匂う,におう
2,逃がす,にがす
2,苦手,にがて
2,賑やか,にぎやか
2,握る,にぎる
2,憎い,にくい
2,憎む,にくむ
2,憎らしい,にくらしい
2,,にこにこ
2,濁る,にごる
2,虹,にじ
2,日時,にちじ
2,日常,にちじょう
2,日曜,にちよう
2,日用品,にちようひん
2,日課,にっか
2,日光,にっこう
2,日中,にっちゅう
2,,にっこり
2,日程,にってい
2,日本,にっぽん
2,鈍い,にぶい
2,入社,にゅうしゃ
2,入場,にゅうじょう
2,,ニュース
2,女房,にょうぼう
2,睨む,にらむ
2,煮る,にる
2,俄,にわか
2,人気,にんき
2,人間,にんげん
2,縫う,ぬう
2,抜く,ぬく
2,抜ける,ぬける
2,布,ぬの
2,濡らす,ぬらす
2,温い,ぬるい
2,濡れる,ぬれる
2,,ね
2,根,ね
2,値,ね
2,願い,ねがい
2,願う,ねがう
2,,ネクタイ
2,猫,ねこ
2,,ねじ
2,捩る,ねじる
2,鼠,ねずみ
2,値段,ねだん
2,,ネックレス
2,熱心,ねっしん
2,熱する,ねっする
2,熱帯,ねったい
2,熱中,ねっちゅう
2,寝坊,ねぼう
2,寝間着,ねまき
2,寝巻,ねまき
2,狙い,ねらい
2,狙う,ねらう
2,年間,ねんかん
2,年中,ねんじゅう
2,年代,ねんだい
2,年度,ねんど
2,年齢,ねんれい
2,野,の
2,能,のう
2,農家,のうか
2,農業,のうぎょう
2,農産物,のうさんぶつ
2,農村,のうそん
2,濃度,のうど
2,農民,のうみん
2,農薬,のうやく
2,能率,のうりつ
2,能力,のうりょく
2,,ノー
2,,ノート
2,,のこぎり
2,残す,のこす
2,残らず,のこらず
2,残り,のこり
2,乗せる,のせる
2,載せる,のせる
2,覗く,のぞく
2,除く,のぞく
2,望み,のぞみ
2,望む,のぞむ
2,,ノック
2,喉,のど
2,伸ばす,のばす
2,延ばす,のばす
2,伸びる,のびる
2,延びる,のびる
2,述べる,のべる
2,上り,のぼり
2,昇る,のぼる
2,糊,のり
2,乗換,のりかえ
2,乗り越し,のりこし
2,載る,のる
2,,のろのろ
2,呑気,のんき
2,,のんびり
2,場,ば
2,,はあ
2,,パーセント
2,,パーティー
2,,はい
2,灰,はい
2,灰色,はいいろ
2,,バイオリン
2,,ハイキング
2,俳句,はいく
2,配達,はいたつ
2,売店,ばいてん
2,,バイバイ
2,売買,ばいばい
2,,パイプ
2,俳優,はいゆう
2,,パイロット
2,這う,はう
2,生える,はえる
2,墓,はか
2,馬鹿,ばか
2,剥す,はがす
2,博士,はかせ
2,,ばからしい
2,秤,はかり
2,計る,はかる
2,量る,はかる
2,測る,はかる
2,吐き気,はきけ
2,,はきはき
2,,はく
2,履く,はく
2,掃く,はく
2,吐く,はく
2,拍手,はくしゅ
2,莫大,ばくだい
2,爆発,ばくはつ
2,博物館,はくぶつかん
2,歯車,はぐるま
2,激しい,はげしい
2,,バケツ
2,挟まる,はさまる
2,,はさみ
2,挟む,はさむ
2,破産,はさん
2,端,はし
2,箸,はし
2,梯子,はしご
2,始まり,はじまり
2,始めに,はじめに
2,,はじめまして
2,場所,ばしょ
2,斜,はす
2,,はず
2,,バス
2,,パス
2,外す,はずす
2,,パスポート
2,外れる,はずれる
2,旗,はた
2,肌,はだ
2,,バター
2,,パターン
2,裸,はだか
2,肌着,はだぎ
2,畑,はたけ
2,果して,はたして
2,二十,はたち
2,働き,はたらき
2,鉢,はち
2,×,ばつ
2,発揮,はっき
2,,はっきり
2,,バック
2,,バッグ
2,発見,はっけん
2,発行,はっこう
2,発車,はっしゃ
2,発射,はっしゃ
2,罰する,ばっする
2,発想,はっそう
2,発達,はったつ
2,,ばったり
2,発展,はってん
2,発電,はつでん
2,発売,はつばい
2,発表,はっぴょう
2,発明,はつめい
2,派手,はで
2,話合い,はなしあい
2,話し合う,はなしあう
2,話し掛ける,はなしかける
2,話中,はなしちゅう
2,離す,はなす
2,放す,はなす
2,甚だしい,はなはだしい
2,花火,はなび
2,花嫁,はなよめ
2,離れる,はなれる
2,放れる,はなれる
2,羽,はね
2,羽根,はね
2,,ばね
2,跳ねる,はねる
2,幅,はば
2,母親,ははおや
2,省く,はぶく
2,破片,はへん
2,歯磨き,はみがき
2,,はめる
2,場面,ばめん
2,早口,はやくち
2,林,はやし
2,流行る,はやる
2,腹,はら
2,原,はら
2,払い込む,はらいこむ
2,払い戻す,はらいもどす
2,,バランス
2,針,はり
2,針金,はりがね
2,張り切る,はりきる
2,貼る,はる
2,張る,はる
2,晴れ,はれ
2,番,ばん
2,,バン
2,範囲,はんい
2,反映,はんえい
2,,ハンカチ
2,半径,はんけい
2,判子,はんこ
2,反抗,はんこう
2,犯罪,はんざい
2,万歳,ばんざい
2,,ハンサム
2,判事,はんじ
2,反省,はんせい
2,判断,はんだん
2,番地,ばんち
2,,パンツ
2,,バンド
2,半島,はんとう
2,,ハンドバッグ
2,,ハンドル
2,犯人,はんにん
2,販売,はんばい
2,灯,ひ
2,日当たり,ひあたり
2,,ピアノ
2,,ビール
2,被害,ひがい
2,日帰り,ひがえり
2,比較,ひかく
2,比較的,ひかくてき
2,日陰,ひかげ
2,,ぴかぴか
2,光,ひかり
2,光る,ひかる
2,引受る,ひきうける
2,引返す,ひきかえす
2,引算,ひきざん
2,引出す,ひきだす
2,引き止める,ひきとめる
2,卑怯,ひきょう
2,引分け,ひきわけ
2,轢く,ひく
2,,ピクニック
2,髭,ひげ
2,悲劇,ひげき
2,飛行,ひこう
2,膝,ひざ
2,陽射,ひざし
2,肘,ひじ
2,非常,ひじょう
2,美人,びじん
2,,ピストル
2,,ビタミン
2,,ぴたり
2,引っ掛かる,ひっかかる
2,筆記,ひっき
2,,びっくり
2,引っ繰り返す,ひっくりかえす
2,引っ繰り返る,ひっくりかえる
2,日付,ひづけ
2,引越し,ひっこし
2,引っ込む,ひっこむ
2,必死,ひっし
2,筆者,ひっしゃ
2,必需品,ひつじゅひん
2,,ぴったり
2,引っ張る,ひっぱる
2,否定,ひてい
2,,ビデオ
2,,ひどい
2,一言,ひとこと
2,人込み,ひとごみ
2,人差指,ひとさしゆび
2,等しい,ひとしい
2,一通り,ひととおり
2,人通り,ひとどおり
2,,ひとまず
2,瞳,ひとみ
2,一休み,ひとやすみ
2,独り,ひとり
2,独り言,ひとりごと
2,,ひとりでに
2,一人一人,ひとりひとり
2,,ビニール
2,皮肉,ひにく
2,日日,ひにち
2,捻る,ひねる
2,日の入り,ひのいり
2,日の出,ひので
2,批判,ひはん
2,響き,ひびき
2,響く,ひびく
2,批評,ひひょう
2,皮膚,ひふ
2,秘密,ひみつ
2,微妙,びみょう
2,紐,ひも
2,冷やす,ひやす
2,,ひゃっかじてん
2,費用,ひよう
2,美容,びよう
2,秒,びょう
2,評価,ひょうか
2,表現,ひょうげん
2,表紙,ひょうし
2,標識,ひょうしき
2,標準,ひょうじゅん
2,表情,ひょうじょう
2,平等,びょうどう
2,評判,ひょうばん
2,標本,ひょうほん
2,表面,ひょうめん
2,評論,ひょうろん
2,,ビル
2,,ビルディング
2,昼寝,ひるね
2,広がる,ひろがる
2,広げる,ひろげる
2,広さ,ひろさ
2,広場,ひろば
2,広々,ひろびろ
2,広める,ひろめる
2,瓶,びん
2,便,びん
2,,ピン
2,,ピンク
2,便箋,びんせん
2,瓶詰,びんづめ
2,不,ふ
2,無,ぶ
2,分,ぶ
2,,ファスナー
2,不安,ふあん
2,,フィルム
2,風景,ふうけい
2,風船,ふうせん
2,夫婦,ふうふ
2,,プール
2,不運,ふうん
2,笛,ふえ
2,殖える,ふえる
2,,フォーク
2,不可,ふか
2,深まる,ふかまる
2,武器,ぶき
2,不規則,ふきそく
2,普及,ふきゅう
2,付近,ふきん
2,拭く,ふく
2,副詞,ふくし
2,複写,ふくしゃ
2,複数,ふくすう
2,服装,ふくそう
2,含む,ふくむ
2,含める,ふくめる
2,膨らます,ふくらます
2,膨らむ,ふくらむ
2,袋,ふくろ
2,不潔,ふけつ
2,更ける,ふける
2,不幸,ふこう
2,符号,ふごう
2,夫妻,ふさい
2,塞がる,ふさがる
2,塞ぐ,ふさぐ
2,,ふざける
2,無沙汰,ぶさた
2,節,ふし
2,武士,ぶし
2,無事,ぶじ
2,不思議,ふしぎ
2,部首,ぶしゅ
2,不自由,ふじゆう
2,夫人,ふじん
2,婦人,ふじん
2,襖,ふすま
2,不正,ふせい
2,防ぐ,ふせぐ
2,不足,ふそく
2,附属,ふぞく
2,蓋,ふた
2,舞台,ぶたい
2,双子,ふたご
2,再び,ふたたび
2,普段,ふだん
2,縁,ふち
2,不通,ふつう
2,物価,ぶっか
2,,ぶつかる
2,,ぶつける
2,物質,ぶっしつ
2,物騒,ぶっそう
2,,ぶつぶつ
2,物理,ぶつり
2,筆,ふで
2,,ふと
2,船便,ふなびん
2,部品,ぶひん
2,吹雪,ふぶき
2,部分,ぶぶん
2,不平,ふへい
2,父母,ふぼ
2,不満,ふまん
2,踏切,ふみきり
2,麓,ふもと
2,増やす,ふやす
2,殖やす,ふやす
2,,フライパン
2,,ブラウス
2,,ぶらさげる
2,,ブラシ
2,,プラス
2,,プラスチック
2,,プラットホーム
2,,プラン
2,不利,ふり
2,,フリー
2,振り仮名,ふりがな
2,振り向く,ふりむく
2,,プリント
2,振る,ふる
2,震える,ふるえる
2,古里,ふるさと
2,振舞う,ふるまう
2,,ブレーキ
2,,プレゼント
2,触れる,ふれる
2,風呂,ふろ
2,,プロ
2,,ブローチ
2,,プログラム
2,風呂敷,ふろしき
2,,ふわふわ
2,文,ぶん
2,雰囲気,ふんいき
2,噴火,ふんか
2,分解,ぶんかい
2,文芸,ぶんげい
2,文献,ぶんけん
2,文章,ぶんしょう
2,噴水,ふんすい
2,分数,ぶんすう
2,分析,ぶんせき
2,文体,ぶんたい
2,分布,ぶんぷ
2,文房具,ぶんぼうぐ
2,文脈,ぶんみゃく
2,文明,ぶんめい
2,分野,ぶんや
2,分量,ぶんりょう
2,分類,ぶんるい
2,塀,へい
2,閉会,へいかい
2,平気,へいき
2,平均,へいきん
2,並行,へいこう
2,平日,へいじつ
2,兵隊,へいたい
2,平凡,へいぼん
2,平野,へいや
2,平和,へいわ
2,,ページ
2,凹む,へこむ
2,,へそ
2,隔てる,へだてる
2,別,べつ
2,別荘,べっそう
2,,ベッド
2,別に,べつに
2,別々,べつべつ
2,,ベテラン
2,減らす,へらす
2,,ヘリコプター
2,減る,へる
2,,へる
2,,ベル
2,,ベルト
2,,ぺん
2,,べん
2,変化,へんか
2,,ペンキ
2,変更,へんこう
2,編集,へんしゅう
2,便所,べんじょ
2,,ペンチ
2,,ベンチ
2,弁当,べんとう
2,法,ほう
2,棒,ぼう
2,望遠鏡,ぼうえんきょう
2,方角,ほうがく
2,箒,ほうき
2,方言,ほうげん
2,冒険,ぼうけん
2,方向,ほうこう
2,報告,ほうこく
2,坊さん,ぼうさん
2,防止,ぼうし
2,方針,ほうしん
2,宝石,ほうせき
2,包装,ほうそう
2,法則,ほうそく
2,包帯,ほうたい
2,膨大,ぼうだい
2,庖丁,ほうちょう
2,方程式,ほうていしき
2,防犯,ぼうはん
2,豊富,ほうふ
2,方法,ほうほう
2,方面,ほうめん
2,訪問,ほうもん
2,坊や,ぼうや
2,放る,ほうる
2,吠える,ほえる
2,,ボーイ
2,,ボート
2,,ボーナス
2,,ホーム
2,,ボール
2,,ボールペン
2,朗らか,ほがらか
2,牧場,ぼくじょう
2,牧畜,ぼくちく
2,,ポケット
2,保健,ほけん
2,誇り,ほこり
2,埃,ほこり
2,募集,ぼしゅう
2,保証,ほしょう
2,干す,ほす
2,,ポスター
2,,ポスト
2,保存,ほぞん
2,,ボタン
2,北極,ほっきょく
2,坊っちゃん,ぼっちゃん
2,,ホテル
2,程,ほど
2,歩道,ほどう
2,,ほどく
2,仏,ほとけ
2,,ほとんど
2,骨,ほね
2,炎,ほのお
2,頬,ほほ
2,,ほぼ
2,微笑む,ほほえむ
2,褒める,ほめる
2,堀,ほり
2,濠,ほり
2,掘る,ほる
2,彫る,ほる
2,,ぼろ
2,盆,ぼん
2,盆地,ぼんち
2,本当,ほんと
2,本人,ほんにん
2,本部,ほんぶ
2,本物,ほんもの
2,,ぼんやり
2,本来,ほんらい
2,,まあ
2,,マーケット
2,,まあまあ
2,,マイク
2,迷子,まいご
2,枚数,まいすう
2,毎度,まいど
2,,マイナス
2,任せる,まかせる
2,巻く,まく
2,蒔く,まく
2,撒く,まく
2,幕,まく
2,枕,まくら
2,負け,まけ
2,曲げる,まげる
2,孫,まご
2,,まごまご
2,,まさか
2,摩擦,まさつ
2,,まさに
2,混ざる,まざる
2,交ざる,まざる
2,真面目,まじめ
2,混じる,まじる
2,交じる,まじる
2,増す,ます
2,先ず,まず
2,,まずい
2,,マスク
2,貧しい,まずしい
2,,マスター
2,,ますます
2,混ぜる,まぜる
2,交ぜる,まぜる
2,又,また
2,未だ,まだ
2,,またぐ
2,又は,または
2,街,まち
2,待合室,まちあいしつ
2,待ち合わせる,まちあわせる
2,間違い,まちがい
2,街角,まちかど
2,松,まつ
2,真っ赤,まっか
2,真っ暗,まっくら
2,真っ黒,まっくろ
2,真っ青,まっさお
2,真っ先,まっさき
2,真っ白,まっしろ
2,真っ直ぐ,まっすぐ
2,全く,まったく
2,,マッチ
2,祭,まつり
2,祭る,まつる
2,窓口,まどぐち
2,纏まる,まとまる
2,纏める,まとめる
2,学ぶ,まなぶ
2,真似,まね
2,招く,まねく
2,真似る,まねる
2,,まぶしい
2,,まぶた
2,,マフラー
2,,ママ
2,豆,まめ
2,間も無く,まもなく
2,守る,まもる
2,迷う,まよう
2,,マラソン
2,丸,まる
2,,まるで
2,稀,まれ
2,回す,まわす
2,回り,まわり
2,回り道,まわりみち
2,万一,まんいち
2,満員,まんいん
2,,マンション
2,満足,まんぞく
2,満点,まんてん
2,身,み
2,実,み
2,見上げる,みあげる
2,見送り,みおくり
2,見送る,みおくる
2,見下ろす,みおろす
2,見掛け,みかけ
2,味方,みかた
2,三日月,みかづき
2,見事,みごと
2,岬,みさき
2,,みじめ
2,,ミシン
2,,ミス
2,自ら,みずから
2,水着,みずぎ
2,店屋,みせや
2,味噌,みそ
2,見出し,みだし
2,道順,みちじゅん
2,満ちる,みちる
2,密,みつ
2,見付かる,みつかる
2,見付ける,みつける
2,,みっともない
2,見詰める,みつめる
2,認める,みとめる
2,見直す,みなおす
2,見慣れる,みなれる
2,醜い,みにくい
2,実る,みのる
2,身分,みぶん
2,見本,みほん
2,見舞い,みまい
2,見舞う,みまう
2,未満,みまん
2,土産,みやげ
2,妙,みょう
2,明後日,みょうごにち
2,名字,みょうじ
2,未来,みらい
2,,ミリ
2,魅力,みりょく
2,診る,みる
2,,ミルク
2,民間,みんかん
2,民謡,みんよう
2,向かい,むかい
2,向う,むかう
2,迎え,むかえ
2,向く,むく
2,剥く,むく
2,向ける,むける
2,無限,むげん
2,無視,むし
2,無地,むじ
2,蒸し暑い,むしあつい
2,虫歯,むしば
2,矛盾,むじゅん
2,寧ろ,むしろ
2,蒸す,むす
2,無数,むすう
2,結ぶ,むすぶ
2,無駄,むだ
2,夢中,むちゅう
2,胸,むね
2,紫,むらさき
2,無料,むりょう
2,群れ,むれ
2,芽,め
2,姪,めい
2,明確,めいかく
2,名作,めいさく
2,名刺,めいし
2,名詞,めいし
2,名所,めいしょ
2,命じる,めいじる
2,命ずる,めいずる
2,迷信,めいしん
2,名人,めいじん
2,名物,めいぶつ
2,銘々,めいめい
2,命令,めいれい
2,迷惑,めいわく
2,目上,めうえ
2,,メーター
2,,メートル
2,恵まれる,めぐまれる
2,巡る,めぐる
2,目指す,めざす
2,目覚し,めざまし
2,飯,めし
2,目下,めした
2,目印,めじるし
2,目立つ,めだつ
2,,めちゃくちゃ
2,,めっきり
2,滅多に,めったに
2,,めでたい
2,,メニュー
2,,めまい
2,,メモ
2,目安,めやす
2,面,めん
2,綿,めん
2,免許,めんきょ
2,免税,めんぜい
2,面積,めんせき
2,面接,めんせつ
2,面倒,めんどう
2,面倒臭い,めんどうくさい
2,,メンバー
2,,もう
2,儲かる,もうかる
2,儲ける,もうける
2,申し込む,もうしこむ
2,申し訳,もうしわけ
2,申し訳ない,もうしわけない
2,毛布,もうふ
2,燃える,もえる
2,,モーター
2,木材,もくざい
2,目次,もくじ
2,目的,もくてき
2,目標,もくひょう
2,木曜,もくよう
2,潜る,もぐる
2,,もし
2,文字,もじ
2,,もしかしたら
2,,もしかすると
2,,もしも
2,,もしもし
2,,もたれる
2,,モダン
2,餅,もち
2,持ち上げる,もちあげる
2,用いる,もちいる
2,勿論,もちろん
2,,もったいない
2,,もっと
2,最も,もっとも
2,尤も,もっとも
2,,モデル
2,元,もと
2,基,もと
2,素,もと
2,戻す,もどす
2,基づく,もとづく
2,求める,もとめる
2,元々,もともと
2,者,もの
2,物置,ものおき
2,物音,ものおと
2,物語,ものがたり
2,物語る,ものがたる
2,物事,ものごと
2,物差し,ものさし
2,物凄い,ものすごい
2,,モノレール
2,揉む,もむ
2,燃やす,もやす
2,模様,もよう
2,催し,もよおし
2,貰う,もらう
2,森,もり
2,盛る,もる
2,文句,もんく
2,問答,もんどう
2,,やがて
2,,やかましい
2,夜間,やかん
2,薬缶,やかん
2,役,やく
2,約,やく
2,役者,やくしゃ
2,役所,やくしょ
2,訳す,やくす
2,役人,やくにん
2,薬品,やくひん
2,役目,やくめ
2,役割,やくわり
2,火傷,やけど
2,夜行,やこう
2,矢印,やじるし
2,痩せる,やせる
2,,やたらに
2,家賃,やちん
2,厄介,やっかい
2,薬局,やっきょく
2,,やっつける
2,,やっと
2,宿,やど
2,雇う,やとう
2,家主,やぬし
2,屋根,やね
2,,やはり
2,,やっぱり
2,破く,やぶく
2,破る,やぶる
2,破れる,やぶれる
2,止む,やむ
2,,やむをえない
2,辞める,やめる
2,,やや
2,,やる
2,,やる
2,軟らかい,やわらかい
2,唯一,ゆいいつ
2,遊園地,ゆうえんち
2,夕刊,ゆうかん
2,勇気,ゆうき
2,友好,ゆうこう
2,有効,ゆうこう
2,優秀,ゆうしゅう
2,優勝,ゆうしょう
2,友情,ゆうじょう
2,友人,ゆうじん
2,郵送,ゆうそう
2,夕立,ゆうだち
2,有能,ゆうのう
2,夕日,ゆうひ
2,郵便,ゆうびん
2,夕べ,ゆうべ
2,,ユーモア
2,悠々,ゆうゆう
2,有利,ゆうり
2,有料,ゆうりょう
2,床,ゆか
2,愉快,ゆかい
2,浴衣,ゆかた
2,行方,ゆくえ
2,湯気,ゆげ
2,輸血,ゆけつ
2,譲る,ゆずる
2,輸送,ゆそう
2,豊か,ゆたか
2,油断,ゆだん
2,,ゆっくり
2,,ゆでる
2,輸入,ゆにゅう
2,湯飲み,ゆのみ
2,緩い,ゆるい
2,許す,ゆるす
2,夜明け,よあけ
2,,よいしょ
2,様,よう
2,酔う,よう
2,容易,ようい
2,溶岩,ようがん
2,容器,ようき
2,陽気,ようき
2,要求,ようきゅう
2,用語,ようご
2,要旨,ようし
2,幼児,ようじ
2,用心,ようじん
2,様子,ようす
2,要するに,ようするに
2,容積,ようせき
2,要素,ようそ
2,幼稚,
2,幼稚園,ようちえん
2,要点,ようてん
2,用途,ようと
2,曜日,ようび
2,洋品店,ようひんてん
2,養分,ようぶん
2,羊毛,ようもう
2,漸く,ようやく
2,要領,ようりょう
2,,ヨーロッパ
2,予期,よき
2,,よく
2,欲張り,よくばり
2,余計,よけい
2,横切る,よこぎる
2,,よこす
2,汚す,よごす
2,予算,よさん
2,止す,よす
2,寄せる,よせる
2,余所,よそ
2,予測,よそく
2,四つ角,よつかど
2,,ヨット
2,酔っ払い,よっぱらい
2,夜中,よなか
2,世の中,よのなか
2,予備,よび
2,呼び掛ける,よびかける
2,呼び出す,よびだす
2,余分,よぶん
2,予報,よほう
2,予防,よぼう
2,読み,よみ
2,蘇る,よみがえる
2,嫁,よめ
2,余裕,よゆう
2,,より
2,因る,よる
2,,よると
2,慶び,よろこび
2,喜び,よろこび
2,慶ぶ,よろこぶ
2,宜しい,よろしい
2,,よろしく
2,来,らい
2,,ライター
2,来日,らいにち
2,楽,らく
2,落第,らくだい
2,,ラケット
2,,ラジオ
2,,ラッシュアワー
2,欄,らん
2,,ランチ
2,,ランニング
2,乱暴,らんぼう
2,利益,りえき
2,理科,りか
2,理解,りかい
2,利害,りがい
2,陸,りく
2,利口,りこう
2,離婚,りこん
2,,リズム
2,理想,りそう
2,率,りつ
2,,リットル
2,立派,りっぱ
2,,リボン
2,略す,りゃくす
2,流域,りゅういき
2,留学,りゅうがく
2,流行,りゅうこう
2,量,りょう
2,寮,りょう
2,両替,りょうがえ
2,両側,りょうがわ
2,料金,りょうきん
2,漁師,りょうし
2,領事,りょうじ
2,領収,りょうしゅう
2,臨時,りんじ
2,留守番,るすばん
2,例,れい
2,礼,れい
2,例外,れいがい
2,礼儀,れいぎ
2,冷静,れいせい
2,零点,れいてん
2,冷凍,れいとう
2,冷房,れいぼう
2,,レインコート
2,,レクリェーション
2,,レコード
2,,レジャー
2,,レストラン
2,列,れつ
2,列車,れっしゃ
2,列島,れっとう
2,,レベル
2,,レポート
2,,リポート
2,煉瓦,れんが
2,連合,れんごう
2,,レンズ
2,連想,れんそう
2,連続,れんぞく
2,廊下,ろうか
2,老人,ろうじん
2,蝋燭,ろうそく
2,労働,ろうどう
2,,ローマじ
2,録音,ろくおん
2,,ロケット
2,,ロッカー
2,,ロビー
2,論じる,ろんじる
2,論ずる,ろんずる
2,論争,ろんそう
2,論文,ろんぶん
2,輪,わ
2,,ワイシャツ
2,,ワイン
2,和英,わえい
2,,わがまま
2,別れ,わかれ
2,分かれる,わかれる
2,若々しい,わかわかしい
2,脇,わき
2,湧く,わく
2,分ける,わける
2,,わざと
2,僅か,わずか
2,話題,わだい
2,詫びる,わびる
2,和服,わふく
2,笑い,わらい
2,,わりあいに
2,割算,わりざん
2,割と,わりと
2,割引,わりびき
2,割る,わる
2,悪口,わるくち
2,我々,われわれ
2,湾,わん
2,椀,わん
2,碗,わん
2,,ワンピース
1,亜,あ
1,愛想,あいそう
1,間柄,あいだがら
1,合間,あいま
1,敢えて,あえて
1,仰ぐ,あおぐ
1,垢,あか
1,赤字,あかじ
1,明かす,あかす
1,赤らむ,あからむ
1,上がり,あがり
1,諦め,あきらめ
1,悪,あく
1,,アクセル
1,,あくどい
1,顎,あご
1,憧れ,あこがれ
1,麻,あさ
1,,あざ
1,,あさましい
1,欺く,あざむく
1,鮮やか,あざやか
1,,あざわらう
1,,あしからず
1,味わい,あじわい
1,焦る,あせる
1,,あせる
1,値する,あたいする
1,当り,あたり
1,悪化,あっか
1,扱い,あつかい
1,,あっけない
1,,あっさり
1,斡旋,あっせん
1,圧倒,あっとう
1,圧迫,あっぱく
1,,アップ
1,,あつらえる
1,圧力,あつりょく
1,当て,あて
1,当て字,あてじ
1,宛てる,あてる
1,跡継ぎ,あとつぎ
1,後回し,あとまわし
1,油絵,あぶらえ
1,,アプローチ
1,,あべこべ
1,甘える,あまえる
1,雨具,あまぐ
1,甘口,あまくち
1,,アマチュア
1,網,あみ
1,操る,あやつる
1,危ぶむ,あやぶむ
1,,あやふや
1,過ち,あやまち
1,誤る,あやまる
1,歩み,あゆみ
1,歩む,あゆむ
1,予め,あらかじめ
1,荒らす,あらす
1,争い,あらそい
1,改まる,あらたまる
1,荒っぽい,あらっぽい
1,,アラブ
1,霰,あられ
1,有様,ありさま
1,,ありのまま
1,,ありふれる
1,,アルカリ
1,,アルコール
1,,アルミ
1,,アワー
1,合わす,あわす
1,,アンケート
1,,アンコール
1,暗殺,あんさつ
1,暗算,あんざん
1,暗示,あんじ
1,案じる,あんじる
1,安静,あんせい
1,,あんのじょう
1,異,い
1,意,い
1,,いいかげん
1,言い訳,いいわけ
1,医院,いいん
1,,イェス
1,家出,いえで
1,生かす,いかす
1,,いかに
1,,いかにも
1,怒り,いかり
1,粋,いき
1,異議,いぎ
1,生き甲斐,いきがい
1,行き違い,いきちがい
1,意気込む,いきごむ
1,育成,いくせい
1,幾多,いくた
1,,いける
1,異見,いけん
1,意向,いこう
1,移行,いこう
1,,いざ
1,意地,いじ
1,移住,いじゅう
1,衣装,いしょう
1,,いじる
1,異性,いせい
1,遺跡,いせき
1,依然,いぜん
1,依存,いぞん
1,委託,いたく
1,,いただき
1,,いたって
1,傷める,いためる
1,炒める,いためる
1,,いたわる
1,一概に,いちがいに
1,著しい,いちじるしい
1,一同,いちどう
1,一部分,いちぶぶん
1,一別,いちべつ
1,一面,いちめん
1,一目,いちもく
1,一様,いちよう
1,一律,いちりつ
1,一連,いちれん
1,一括,いっかつ
1,一気,いっき
1,一挙に,いっきょに
1,一見,いっけん
1,一切,いっさい
1,一心,いっしん
1,,いっそ
1,一帯,いったい
1,一変,いっぺん
1,意図,いと
1,異動,いどう
1,営む,いとなむ
1,挑む,いどむ
1,稲光,いなびかり
1,祈り,いのり
1,,いびき
1,,いまさら
1,移民,いみん
1,,いやいや
1,卑しい,いやしい
1,,いやに
1,,いやらしい
1,意欲,いよく
1,衣料,いりょう
1,威力,いりょく
1,衣類,いるい
1,異論,いろん
1,印鑑,いんかん
1,陰気,いんき
1,隠居,いんきょ
1,,インターチェンジ
1,,インターナショナル
1,,インターフォン
1,,インテリ
1,,インフォメーション
1,,インフレ
1,受かる,うかる
1,受け入れ,うけいれ
1,受け入れる,うけいれる
1,受け継ぐ,うけつぐ
1,受け付ける,うけつける
1,受け止める,うけとめる
1,受身,うけみ
1,受持ち,うけもち
1,動き,うごき
1,渦,うず
1,嘘つき,うそつき
1,転寝,うたたね
1,打ち明ける,うちあける
1,打ち切る,うちきる
1,打ち消し,うちけし
1,打ち込む,うちこむ
1,団扇,うちわ
1,内訳,うちわけ
1,写し,うつし
1,訴え,うったえ
1,,うっとうしい
1,,うつむく
1,空ろ,うつろ
1,器,うつわ
1,腕前,うでまえ
1,雨天,うてん
1,促す,うながす
1,,うぬぼれ
1,,うまれつき
1,埋まる,うまる
1,産む,うむ
1,埋め込む,うめこむ
1,梅干し,うめぼし
1,裏返し,うらがえし
1,売り出し,うりだし
1,売り出す,うりだす
1,潤う,うるおう
1,浮気,うわき
1,上回る,うわまわる
1,植わる,うわる
1,運営,うんえい
1,,うんざり
1,運送,うんそう
1,運賃,うんちん
1,云々,うんぬん
1,運搬,うんぱん
1,運命,うんめい
1,運輸,うんゆ
1,運用,うんよう
1,,エアメール
1,英字,えいじ
1,映写,えいしゃ
1,映像,えいぞう
1,英雄,えいゆう
1,液,えき
1,閲覧,えつらん
1,獲物,えもの
1,襟,えり
1,,エレガント
1,円滑,えんかつ
1,縁側,えんがわ
1,沿岸,えんがん
1,婉曲,えんきょく
1,演出,えんしゅつ
1,,エンジニア
1,演じる,えんじる
1,演ずる,えんずる
1,沿線,えんせん
1,縁談,えんだん
1,遠方,えんぽう
1,円満,えんまん
1,尾,お
1,追い込む,おいこむ
1,追い出す,おいだす
1,於いて,おいて
1,老いる,おいる
1,負う,おう
1,応急,おうきゅう
1,黄金,おうごん
1,往診,おうしん
1,応募,おうぼ
1,,おおい
1,大方,おおかた
1,大柄,おおがら
1,,オーケー
1,,おおげさ
1,大筋,おおすじ
1,大空,おおぞら
1,,オートマチック
1,,オープン
1,,オーバー
1,大幅,おおはば
1,,おおまかな
1,大水,おおみず
1,公,おおやけ
1,犯す,おかす
1,侵す,おかす
1,臆病,おくびょう
1,遅らす,おくらす
1,遅れ,おくれ
1,厳か,おごそか
1,行い,おこない
1,,おごる
1,収まる,おさまる
1,納まる,おさまる
1,治まる,おさまる
1,お産,おさん
1,教え,おしえ
1,押し切る,おしきる
1,押し込む,おしこむ
1,惜しむ,おしむ
1,押し寄せる,おしよせる
1,雄,おす
1,御世辞,おせじ
1,襲う,おそう
1,遅くとも,おそくとも
1,恐れ,おそれ
1,恐れ入る,おそれいる
1,,おだてる
1,落ち込む,おちこむ
1,落ち着き,おちつき
1,落葉,おちば
1,乙,おつ
1,お使い,おつかい
1,,おっかない
1,お手上げ,おてあげ
1,,おどおど
1,,おどす
1,訪れる,おとずれる
1,お供,おとも
1,衰える,おとろえる
1,驚き,おどろき
1,同い年,おないどし
1,自ずから,おのずから
1,怯える,おびえる
1,,おびただしい
1,脅かす,おびやかす
1,帯びる,おびる
1,お母,おふくろ
1,覚え,おぼえ
1,,おまけ
1,お宮,おみや
1,,おむつ
1,思い付き,おもいつき
1,趣,おもむき
1,赴く,おもむく
1,重んじる,おもんじる
1,重んずる,おもんずる
1,親父,おやじ
1,及び,および
1,及ぶ,およぶ
1,折,おり
1,檻,おり
1,,オリエンテーション
1,折り返す,おりかえす
1,織物,おりもの
1,織る,おる
1,俺,おれ
1,愚か,おろか
1,,おろそか
1,,おんぶ
1,,オンライン
1,温和,おんわ
1,,カーペット
1,改悪,かいあく
1,海運,かいうん
1,外貨,がいか
1,改革,かいかく
1,貝殻,かいがら
1,外観,がいかん
1,階級,かいきゅう
1,海峡,かいきょう
1,会見,かいけん
1,介護,かいご
1,開催,かいさい
1,回収,かいしゅう
1,改修,かいしゅう
1,怪獣,かいじゅう
1,解除,かいじょ
1,外相,がいしょう
1,害する,がいする
1,概説,がいせつ
1,回送,かいそう
1,階層,かいそう
1,開拓,かいたく
1,会談,かいだん
1,改定,かいてい
1,改訂,かいてい
1,,ガイド
1,街道,かいどう
1,該当,がいとう
1,街頭,がいとう
1,,ガイドブック
1,介入,かいにゅう
1,概念,がいねん
1,開発,かいはつ
1,海抜,かいばつ
1,介抱,かいほう
1,解剖,かいぼう
1,外来,がいらい
1,回覧,かいらん
1,概略,がいりゃく
1,海流,かいりゅう
1,改良,かいりょう
1,回路,かいろ
1,海路,かいろ
1,省みる,かえりみる
1,顧みる,かえりみる
1,顔付き,かおつき
1,課外,かがい
1,掲げる,かかげる
1,,かかと
1,書き取る,かきとる
1,掻き回す,かきまわす
1,欠く,かく
1,核,かく
1,格,かく
1,,かく
1,学芸,がくげい
1,格差,かくさ
1,拡散,かくさん
1,学士,がくし
1,各種,かくしゅ
1,隔週,かくしゅう
1,確信,かくしん
1,革新,かくしん
1,学説,がくせつ
1,確定,かくてい
1,,カクテル
1,獲得,かくとく
1,楽譜,がくふ
1,確保,かくほ
1,革命,かくめい
1,確立,かくりつ
1,学歴,がくれき
1,賭,かけ
1,崖,がけ
1,駆け足,かけあし
1,家計,かけい
1,,かけっこ
1,駆ける,かける
1,賭ける,かける
1,加工,かこう
1,化合,かごう
1,,かさばる
1,,かさむ
1,箇条書,かじょうがき
1,微か,かすか
1,霞む,かすむ
1,火星,かせい
1,化石,かせき
1,河川,かせん
1,化繊,かせん
1,過疎,かそ
1,課題,かだい
1,片言,かたこと
1,片付け,かたづけ
1,傾ける,かたむける
1,固める,かためる
1,傍ら,かたわら
1,花壇,かだん
1,家畜,かちく
1,且つ,かつ
1,画期,かっき
1,,がっくり
1,合唱,がっしょう
1,,がっしり
1,合致,がっち
1,,がっちり
1,,かつて
1,勝手,かって
1,,カット
1,活発,かっぱつ
1,,カップ
1,合併,がっぺい
1,,カテゴリー
1,叶う,かなう
1,叶える,かなえる
1,金槌,かなづち
1,,かなわない
1,加入,かにゅう
1,予て,かねて
1,庇う,かばう
1,株式,かぶしき
1,,かぶれる
1,花粉,かふん
1,貨幣,かへい
1,構える,かまえる
1,加味,かみ
1,過密,かみつ
1,噛み切る,かみきる
1,,カムバック
1,,カメラマン
1,粥,かゆ
1,体付き,からだつき
1,絡む,からむ
1,借り,かり
1,狩り,かり
1,,かりに
1,,カルテ
1,,カレー
1,,ガレージ
1,過労,かろう
1,,かろうじて
1,交す,かわす
1,代る代る,かわるがわる
1,官,かん
1,癌,がん
1,簡易,かんい
1,灌漑,かんがい
1,眼科,がんか
1,眼球,がんきゅう
1,玩具,がんぐ
1,簡潔,かんけつ
1,還元,かんげん
1,看護,かんご
1,漢語,かんご
1,頑固,がんこ
1,刊行,かんこう
1,慣行,かんこう
1,勧告,かんこく
1,換算,かんさん
1,監視,かんし
1,慣習,かんしゅう
1,観衆,かんしゅう
1,願書,がんしょ
1,干渉,かんしょう
1,頑丈,がんじょう
1,感触,かんしょく
1,肝心,かんじん
1,肝腎,かんじん
1,歓声,かんせい
1,関税,かんぜい
1,岩石,がんせき
1,感染,かんせん
1,幹線,かんせん
1,簡素,かんそ
1,観点,かんてん
1,感度,かんど
1,,カンニング
1,元年,がんねん
1,幹部,かんぶ
1,完ぺき,かんぺき
1,勘弁,かんべん
1,感無量,かんむりょう
1,勧誘,かんゆう
1,関与,かんよ
1,寛容,かんよう
1,元来,がんらい
1,観覧,かんらん
1,官僚,かんりょう
1,慣例,かんれい
1,還暦,かんれき
1,貫禄,かんろく
1,緩和,かんわ
1,議案,ぎあん
1,危害,きがい
1,企画,きかく
1,規格,きかく
1,着飾る,きかざる
1,気兼ね,きがね
1,気軽,きがる
1,器官,きかん
1,季刊,きかん
1,危機,きき
1,聞き取り,ききとり
1,効き目,ききめ
1,帰京,ききょう
1,戯曲,ぎきょく
1,基金,ききん
1,喜劇,きげき
1,議決,ぎけつ
1,棄権,きけん
1,起源,きげん
1,機構,きこう
1,既婚,きこん
1,気障,きざ
1,記載,きさい
1,兆,きざし
1,気質,きしつ
1,期日,きじつ
1,,きしむ
1,議事堂,ぎじどう
1,記述,きじゅつ
1,気象,きしょう
1,築く,きずく
1,傷付く,きずつく
1,傷付ける,きずつける
1,規制,きせい
1,犠牲,ぎせい
1,汽船,きせん
1,寄贈,きぞう
1,偽造,ぎぞう
1,貴族,きぞく
1,議題,ぎだい
1,鍛える,きたえる
1,気立,きだて
1,,きちっと
1,几帳面,きちょうめん
1,,きっかり
1,,きっちり
1,,きっぱり
1,規定,きてい
1,起点,きてん
1,軌道,きどう
1,技能,ぎのう
1,規範,きはん
1,気品,きひん
1,気風,きふう
1,起伏,きふく
1,規模,きぼ
1,,きまぐれ
1,生真面目,きまじめ
1,,きまつ
1,,きまりわるい
1,記名,きめい
1,規約,きやく
1,脚色,きゃくしょく
1,逆転,ぎゃくてん
1,脚本,きゃくほん
1,華奢,きゃしゃ
1,客観,きゃっかん
1,,キャッチ
1,,キャリア
1,救援,きゅうえん
1,休学,きゅうがく
1,究極,きゅうきょく
1,窮屈,きゅうくつ
1,球根,きゅうこん
1,救済,きゅうさい
1,給仕,きゅうじ
1,給食,きゅうしょく
1,休戦,きゅうせん
1,宮殿,きゅうでん
1,旧知,きゅうち
1,窮乏,きゅうぼう
1,丘陵,きゅうりょう
1,寄与,きよ
1,強,きょう
1,驚異,きょうい
1,教科,きょうか
1,協会,きょうかい
1,共学,きょうがく
1,共感,きょうかん
1,協議,きょうぎ
1,境遇,きょうぐう
1,教訓,きょうくん
1,強行,きょうこう
1,強硬,きょうこう
1,教材,きょうざい
1,凶作,きょうさく
1,業者,ぎょうしゃ
1,享受,きょうじゅ
1,教習,きょうしゅう
1,郷愁,きょうしゅう
1,教職,きょうしょく
1,興じる,きょうじる
1,強制,きょうせい
1,行政,ぎょうせい
1,業績,ぎょうせき
1,共存,きょうぞん
1,協調,きょうちょう
1,協定,きょうてい
1,郷土,きょうど
1,脅迫,きょうはく
1,業務,ぎょうむ
1,共鳴,きょうめい
1,郷里,きょうり
1,強烈,きょうれつ
1,共和,きょうわ
1,局限,きょくげん
1,極端,きょくたん
1,居住,きょじゅう
1,拒絶,きょぜつ
1,漁船,ぎょせん
1,漁村,ぎょそん
1,拒否,きょひ
1,許容,きょよう
1,清らか,きよらか
1,,きらびやか
1,切り,きり
1,義理,ぎり
1,切替,きりかえ
1,気流,きりゅう
1,切れ目,きれめ
1,疑惑,ぎわく
1,極めて,きわめて
1,菌,きん
1,近眼,きんがん
1,緊急,きんきゅう
1,近郊,きんこう
1,均衡,きんこう
1,近視,きんし
1,禁じる,きんじる
1,勤勉,きんべん
1,吟味,ぎんみ
1,勤務,きんむ
1,禁物,きんもつ
1,勤労,きんろう
1,苦,く
1,,クイズ
1,食い違う,くいちがう
1,空間,くうかん
1,空腹,くうふく
1,区画,くかく
1,区間,くかん
1,茎,くき
1,区切り,くぎり
1,,くぐる
1,,くじ
1,,くじびき
1,,くすぐったい
1,愚痴,ぐち
1,口吟む,くちずさむ
1,嘴,くちばし
1,朽ちる,くちる
1,覆す,くつがえす
1,,くっきり
1,屈折,くっせつ
1,,ぐっと
1,首飾り,くびかざり
1,首輪,くびわ
1,組み込む,くみこむ
1,組み合わせる,くみあわせる
1,蔵,くら
1,,グレー
1,,クレーン
1,玄人,くろうと
1,黒字,くろじ
1,群,ぐん
1,軍艦,ぐんかん
1,軍事,ぐんじ
1,君主,くんしゅ
1,群集,ぐんしゅう
1,群衆,ぐんしゅう
1,軍備,ぐんび
1,軍服,ぐんぷく
1,刑,けい
1,芸,げい
1,経緯,けいい
1,経過,けいか
1,軽快,けいかい
1,警戒,けいかい
1,計器,けいき
1,契機,けいき
1,敬具,けいぐ
1,軽減,けいげん
1,掲載,けいさい
1,傾斜,けいしゃ
1,形成,けいせい
1,形勢,けいせい
1,軽率,けいそつ
1,携帯,けいたい
1,形態,けいたい
1,刑罰,けいばつ
1,経費,けいひ
1,警部,けいぶ
1,軽蔑,けいべつ
1,経歴,けいれき
1,経路,けいろ
1,,ケース
1,,けがらわしい
1,劇団,げきだん
1,激励,げきれい
1,,ゲスト
1,獣,けだもの
1,決,けつ
1,決意,けつい
1,結核,けっかく
1,血管,けっかん
1,決議,けつぎ
1,決行,けっこう
1,結合,けつごう
1,決算,けっさん
1,月謝,げっしゃ
1,決勝,けっしょう
1,結晶,けっしょう
1,結成,けっせい
1,結束,けっそく
1,,げっそり
1,決断,けつだん
1,月賦,げっぷ
1,欠乏,けつぼう
1,蹴飛ばす,けとばす
1,,けなす
1,煙たい,けむたい
1,煙る,けむる
1,家来,けらい
1,下痢,げり
1,件,けん
1,権威,けんい
1,兼業,けんぎょう
1,原形,げんけい
1,原型,げんけい
1,権限,けんげん
1,現行,げんこう
1,健在,けんざい
1,原作,げんさく
1,検事,けんじ
1,原子,げんし
1,元首,げんしゅ
1,原書,げんしょ
1,懸賞,けんしょう
1,減少,げんしょう
1,健全,けんぜん
1,元素,げんそ
1,現像,げんぞう
1,原則,げんそく
1,見地,けんち
1,現地,げんち
1,限定,げんてい
1,原点,げんてん
1,原典,げんてん
1,原爆,げんばく
1,原文,げんぶん
1,厳密,げんみつ
1,賢明,けんめい
1,倹約,けんやく
1,原油,げんゆ
1,兼用,けんよう
1,権力,けんりょく
1,言論,げんろん
1,語彙,ごい
1,恋する,こいする
1,甲,こう
1,好意,こうい
1,行為,こうい
1,合意,ごうい
1,公演,こうえん
1,後悔,こうかい
1,航海,こうかい
1,工学,こうがく
1,抗議,こうぎ
1,合議,ごうぎ
1,皇居,こうきょ
1,好況,こうきょう
1,鉱業,こうぎょう
1,興業,こうぎょう
1,高原,こうげん
1,交互,こうご
1,煌々と,こうこうと
1,考古学,こうこがく
1,工作,こうさく
1,耕作,こうさく
1,鉱山,こうざん
1,講習,こうしゅう
1,口述,こうじゅつ
1,控除,こうじょ
1,交渉,こうしょう
1,高尚,こうしょう
1,向上,こうじょう
1,行進,こうしん
1,香辛料,こうしんりょう
1,降水,こうすい
1,洪水,こうずい
1,合成,ごうせい
1,公然,こうぜん
1,抗争,こうそう
1,構想,こうそう
1,拘束,こうそく
1,後退,こうたい
1,光沢,こうたく
1,公団,こうだん
1,好調,こうちょう
1,口頭,こうとう
1,講読,こうどく
1,購読,こうどく
1,購入,こうにゅう
1,公認,こうにん
1,光熱費,こうねつひ
1,荒廃,こうはい
1,購買,こうばい
1,好評,こうひょう
1,交付,こうふ
1,降伏,こうふく
1,興奮,こうふん
1,公募,こうぼ
1,巧妙,こうみょう
1,公用,こうよう
1,小売,こうり
1,効率,こうりつ
1,公立,こうりつ
1,護衛,ごえい
1,,コーナー
1,小柄,こがら
1,小切手,こぎって
1,語句,ごく
1,国産,こくさん
1,国定,こくてい
1,告白,こくはく
1,国防,こくぼう
1,国有,こくゆう
1,極楽,ごくらく
1,国連,こくれん
1,焦げ茶,こげちゃ
1,語源,ごげん
1,個々,ここ
1,心地,ここち
1,心得,こころえ
1,心掛け,こころがけ
1,心掛ける,こころがける
1,志,こころざし
1,志す,こころざす
1,心強い,こころづよい
1,心細い,こころぼそい
1,試み,こころみ
1,試みる,こころみる
1,快い,こころよい
1,誤差,ごさ
1,,ございます
1,孤児,こじ
1,,こじれる
1,故人,こじん
1,,こす
1,梢,こずえ
1,個性,こせい
1,戸籍,こせき
1,小銭,こぜに
1,古代,こだい
1,,こたつ
1,,こだわる
1,誇張,こちょう
1,,こつ
1,滑稽,こっけい
1,国交,こっこう
1,骨董品,こっとうひん
1,固定,こてい
1,事柄,ことがら
1,孤独,こどく
1,,ことごとく
1,言付け,ことづけ
1,殊に,ことに
1,,ことによると
1,粉々,こなごな
1,好ましい,このましい
1,碁盤,ごばん
1,個別,こべつ
1,,ごまかす
1,細やか,こまやか
1,,コマーシャル
1,込める,こめる
1,,コメント
1,籠もる,こもる
1,固有,こゆう
1,暦,こよみ
1,凝らす,こらす
1,,ごらんなさい
1,孤立,こりつ
1,懲りる,こりる
1,凝る,こる
1,根気,こんき
1,根拠,こんきょ
1,混血,こんけつ
1,,コンタクト
1,昆虫,こんちゅう
1,根底,こんてい
1,,コンテスト
1,混同,こんどう
1,,コントラスト
1,,コントロール
1,,コンパス
1,根本,こんぽん
1,,さ
1,財,ざい
1,再会,さいかい
1,災害,さいがい
1,細菌,さいきん
1,細工,さいく
1,採掘,さいくつ
1,,サイクル
1,採決,さいけつ
1,再建,さいけん
1,再現,さいげん
1,財源,ざいげん
1,在庫,ざいこ
1,採算,さいさん
1,採集,さいしゅう
1,,サイズ
1,再生,さいせい
1,財政,ざいせい
1,最善,さいぜん
1,採択,さいたく
1,栽培,さいばい
1,再発,さいはつ
1,細胞,さいぼう
1,採用,さいよう
1,遮る,さえぎる
1,,さえずる
1,冴える,さえる
1,竿,さお
1,栄える,さかえる
1,差額,さがく
1,杯,さかずき
1,逆立ち,さかだち
1,,さきに
1,詐欺,さぎ
1,作,さく
1,策,さく
1,柵,さく
1,削減,さくげん
1,錯誤,さくご
1,作戦,さくせん
1,叫び,さけび
1,裂ける,さける
1,捧げる,ささげる
1,,さしかかる
1,指図,さしず
1,差し出す,さしだす
1,差し支える,さしつかえる
1,授ける,さずける
1,摩する,さする
1,,さぞ
1,定まる,さだまる
1,定める,さだめる
1,座談会,ざだんかい
1,雑,ざつ
1,雑貨,ざっか
1,殺人,さつじん
1,察する,さっする
1,雑談,ざつだん
1,,さっと
1,,さっぱりする
1,悟る,さとる
1,裁く,さばく
1,座標,ざひょう
1,,さほど
1,,サボる
1,寒気,さむけ
1,侍,さむらい
1,,さも
1,作用,さよう
1,,さらう
1,障る,さわる
1,酸,さん
1,酸化,さんか
1,山岳,さんがく
1,参議院,さんぎいん
1,産休,さんきゅう
1,,サンキュー
1,残金,ざんきん
1,産後,さんご
1,残酷,ざんこく
1,産出,さんしゅつ
1,参照,さんしょう
1,参上,さんじょう
1,残高,ざんだか
1,,サンタクロース
1,桟橋,さんばし
1,賛美,さんび
1,山腹,さんぷく
1,産婦人科,さんふじんか
1,産物,さんぶつ
1,山脈,さんみゃく
1,死,し
1,仕上がり,しあがり
1,仕上,しあげ
1,仕上げる,しあげる
1,飼育,しいく
1,強いて,しいて
1,,シート
1,,ジーパン
1,仕入れる,しいれる
1,強いる,しいる
1,潮,しお
1,歯科,しか
1,自我,じが
1,資格,しかく
1,視覚,しかく
1,自覚,じかく
1,仕掛,しかけ
1,仕掛ける,しかける
1,,しかしながら
1,指揮,しき
1,磁気,じき
1,磁器,じき
1,色彩,しきさい
1,式場,しきじょう
1,,しきたり
1,事業,じぎょう
1,仕切る,しきる
1,資金,しきん
1,軸,じく
1,,しくじる
1,仕組,しくみ
1,死刑,しけい
1,湿気る,しける
1,自己,じこ
1,施行,しこう
1,思考,しこう
1,志向,しこう
1,嗜好,しこう
1,事項,じこう
1,時刻表,じこくひょう
1,地獄,じごく
1,時差,じさ
1,自在,じざい
1,視察,しさつ
1,資産,しさん
1,支持,しじ
1,自主,じしゅ
1,自首,じしゅ
1,刺繍,ししゅう
1,辞職,じしょく
1,雫,しずく
1,,システム
1,沈める,しずめる
1,施設,しせつ
1,事前,じぜん
1,子息,しそく
1,持続,じぞく
1,自尊心,じそんしん
1,字体,じたい
1,辞退,じたい
1,慕う,したう
1,下心,したごころ
1,下地,したじ
1,親しむ,したしむ
1,下調べ,したしらべ
1,仕立てる,したてる
1,下取り,したどり
1,下火,したび
1,実家,じっか
1,失格,しっかく
1,質疑,しつぎ
1,失脚,しっきゃく
1,実業家,じつぎょうか
1,,シック
1,,じっくり
1,躾,しつけ
1,躾ける,しつける
1,実践,じっせん
1,質素,しっそ
1,実態,じったい
1,失調,しっちょう
1,嫉妬,しっと
1,実費,じっぴ
1,指摘,してき
1,視点,してん
1,自転,じてん
1,助動詞,じょどうし
1,淑やか,しとやか
1,萎びる,しなびる
1,,シナリオ
1,,しなやか
1,屎尿,しにょう
1,地主,じぬし
1,凌ぐ,しのぐ
1,芝,しば
1,始発,しはつ
1,耳鼻科,じびか
1,私物,しぶつ
1,,しぶとい
1,司法,しほう
1,脂肪,しぼう
1,志望,しぼう
1,始末,しまつ
1,染みる,しみる
1,使命,しめい
1,地元,じもと
1,視野,しや
1,弱,じゃく
1,社交,しゃこう
1,,ジャズ
1,謝絶,しゃぜつ
1,社宅,しゃたく
1,若干,じゃっかん
1,三味線,しゃみせん
1,斜面,しゃめん
1,砂利,じゃり
1,洒落る,しゃれる
1,,ジャンパー
1,,ジャンプ
1,,ジャンボ
1,,ジャンル
1,主,しゅ
1,私有,しゆう
1,衆,しゅう
1,住,じゅう
1,収益,しゅうえき
1,修学,しゅうがく
1,周期,しゅうき
1,衆議院,しゅうぎいん
1,就業,しゅうぎょう
1,従業員,じゅうぎょういん
1,集計,しゅうけい
1,襲撃,しゅうげき
1,収支,しゅうし
1,終始,しゅうし
1,修士,しゅうし
1,従事,じゅうじ
1,終日,しゅうじつ
1,充実,じゅうじつ
1,収集,しゅうしゅう
1,修飾,しゅうしょく
1,十字路,じゅうじろ
1,執着,しゅうじゃく
1,柔軟,じゅうなん
1,重複,じゅうふく
1,収容,しゅうよう
1,従来,じゅうらい
1,守衛,しゅえい
1,主演,しゅえん
1,主観,しゅかん
1,修行,しゅぎょう
1,塾,じゅく
1,祝賀,しゅくが
1,宿命,しゅくめい
1,手芸,しゅげい
1,主権,しゅけん
1,主催,しゅさい
1,取材,しゅざい
1,趣旨,しゅし
1,種々,しゅじゅ
1,主食,しゅしょく
1,主人公,しゅじんこう
1,主体,しゅたい
1,主題,しゅだい
1,出演,しゅつえん
1,出血,しゅっけつ
1,出現,しゅつげん
1,出産,しゅっさん
1,出社,しゅっしゃ
1,出生,しゅっしょう
1,出世,しゅっせ
1,出題,しゅつだい
1,出動,しゅつどう
1,出費,しゅっぴ
1,出品,しゅっぴん
1,主導,しゅどう
1,主任,しゅにん
1,首脳,しゅのう
1,守備,しゅび
1,手法,しゅほう
1,樹木,じゅもく
1,樹立,じゅりつ
1,準急,じゅんきゅう
1,準じる,じゅんじる
1,私用,しよう
1,仕様,しよう
1,情,じょう
1,上位,じょうい
1,上演,じょうえん
1,城下,じょうか
1,生涯,しょうがい
1,消去,しょうきょ
1,上空,じょうくう
1,衝撃,しょうげき
1,証言,しょうげん
1,証拠,しょうこ
1,照合,しょうごう
1,詳細,しょうさい
1,上司,じょうし
1,上昇,じょうしょう
1,昇進,しょうしん
1,称する,しょうする
1,情勢,じょうせい
1,消息,しょうそく
1,正体,しょうたい
1,承諾,しょうだく
1,情緒,じょうちょ
1,象徴,しょうちょう
1,小児科,しょうにか
1,使用人,しようにん
1,情熱,じょうねつ
1,譲歩,じょうほ
1,照明,しょうめい
1,条約,じょうやく
1,勝利,しょうり
1,上陸,じょうりく
1,蒸溜,じょうりゅう
1,奨励,しょうれい
1,,ショー
1,除外,じょがい
1,職員,しょくいん
1,植民地,しょくみんち
1,職務,しょくむ
1,諸君,しょくん
1,助言,じょげん
1,徐行,じょこう
1,所在,しょざい
1,所持,しょじ
1,女史,じょし
1,助詞,じょし
1,所属,しょぞく
1,処置,しょち
1,,ショック
1,,しょっちゅう
1,所定,しょてい
1,所得,しょとく
1,処罰,しょばつ
1,初版,しょはん
1,書評,しょひょう
1,処分,しょぶん
1,庶民,しょみん
1,庶務,しょむ
1,所有,しょゆう
1,調べ,しらべ
1,自立,じりつ
1,記す,しるす
1,指令,しれい
1,陣,じん
1,進化,しんか
1,人格,じんかく
1,審議,しんぎ
1,進行,しんこう
1,新興,しんこう
1,振興,しんこう
1,申告,しんこく
1,新婚,しんこん
1,審査,しんさ
1,人材,じんざい
1,紳士,しんし
1,真実,しんじつ
1,信者,しんじゃ
1,真珠,しんじゅ
1,進出,しんしゅつ
1,心情,しんじょう
1,新人,しんじん
1,神聖,しんせい
1,親善,しんぜん
1,真相,しんそう
1,迅速,じんそく
1,人体,じんたい
1,新築,しんちく
1,心中,しんじゅう
1,進呈,しんてい
1,進展,しんてん
1,神殿,しんでん
1,進度,しんど
1,振動,しんどう
1,新入生,しんにゅうせい
1,信任,しんにん
1,神秘,しんぴ
1,辛抱,しんぼう
1,人民,じんみん
1,真理,しんり
1,侵略,しんりゃく
1,診療,しんりょう
1,水源,すいげん
1,推進,すいしん
1,水洗,すいせん
1,吹奏,すいそう
1,推測,すいそく
1,水田,すいでん
1,推理,すいり
1,数詞,すうし
1,崇拝,すうはい
1,据え付ける,すえつける
1,据える,すえる
1,,すがすがしい
1,救い,すくい
1,,すくう
1,健やか,すこやか
1,濯ぐ,すすぐ
1,進み,すすみ
1,裾,すそ
1,,スタジオ
1,,スチーム
1,,ストライキ
1,,スト
1,,ストレス
1,,ストロー
1,,ストロボ
1,,すばしこい
1,素早い,すばやい
1,,ずばり
1,,スプリング
1,,スペース
1,,ずぶぬれ
1,,スポーツカー
1,澄ます,すます
1,清ます,すます
1,済ます,すます
1,,すみやか
1,,スラックス
1,,ずらっと
1,,ずるずる
1,滑,ずれ
1,,すれちがい
1,擦れる,すれる
1,,すんなり
1,生育,せいいく
1,成育,せいいく
1,成果,せいか
1,正解,せいかい
1,正規,せいき
1,正義,せいぎ
1,生計,せいけい
1,政権,せいけん
1,精巧,せいこう
1,星座,せいざ
1,制裁,せいさい
1,政策,せいさく
1,精算,せいさん
1,生死,せいし
1,静止,せいし
1,誠実,せいじつ
1,成熟,せいじゅく
1,青春,せいしゅん
1,清純,せいじゅん
1,聖書,せいしょ
1,正常,せいじょう
1,制する,せいする
1,整然,せいぜん
1,盛装,せいそう
1,盛大,せいだい
1,清濁,せいだく
1,制定,せいてい
1,静的,せいてき
1,製鉄,せいてつ
1,晴天,せいてん
1,正当,せいとう
1,成年,せいねん
1,制服,せいふく
1,征服,せいふく
1,製法,せいほう
1,精密,せいみつ
1,税務署,ぜいむしょ
1,声明,せいめい
1,姓名,せいめい
1,制約,せいやく
1,生理,せいり
1,勢力,せいりょく
1,整列,せいれつ
1,,セール
1,急かす,せかす
1,伜,せがれ
1,責務,せきむ
1,,セクション
1,世辞,せじ
1,世帯,せたい
1,是正,ぜせい
1,世代,せだい
1,切開,せっかい
1,,セックス
1,切実,せつじつ
1,接触,せっしょく
1,接続詞,せつぞくし
1,設置,せっち
1,折衷,せっちゅう
1,設定,せってい
1,説得,せっとく
1,切ない,せつない
1,絶版,ぜっぱん
1,設立,せつりつ
1,攻め,せめ
1,,ゼリー
1,,セレモニー
1,世論,せろん
1,膳,ぜん
1,禅,ぜん
1,繊維,せんい
1,全快,ぜんかい
1,選挙,せんきょ
1,宣教,せんきょう
1,宣言,せんげん
1,先行,せんこう
1,選考,せんこう
1,戦災,せんさい
1,専修,せんしゅう
1,戦術,せんじゅつ
1,,センス
1,潜水,せんすい
1,全盛,ぜんせい
1,先代,せんだい
1,先だって,せんだって
1,先着,せんちゃく
1,前提,ぜんてい
1,先天的,せんてんてき
1,前途,ぜんと
1,戦闘,せんとう
1,潜入,せんにゅう
1,船舶,せんぱく
1,全滅,ぜんめつ
1,専用,せんよう
1,占領,せんりょう
1,善良,ぜんりょう
1,戦力,せんりょく
1,前例,ぜんれい
1,相,そう
1,沿う,そう
1,添う,そう
1,僧,そう
1,像,ぞう
1,相応,そうおう
1,総会,そうかい
1,創刊,そうかん
1,雑木,ぞうき
1,早急,そうきゅう
1,増強,ぞうきょう
1,送金,そうきん
1,走行,そうこう
1,総合,そうごう
1,捜査,そうさ
1,捜索,そうさく
1,操縦,そうじゅう
1,蔵相,ぞうしょう
1,装飾,そうしょく
1,増進,ぞうしん
1,創造,そうぞう
1,相対,そうたい
1,壮大,そうだい
1,騒動,そうどう
1,遭難,そうなん
1,相場,そうば
1,装備,そうび
1,創立,そうりつ
1,添える,そえる
1,,ソース
1,即座に,そくざに
1,促進,そくしん
1,即する,そくする
1,束縛,そくばく
1,側面,そくめん
1,損う,そこなう
1,,そこら
1,素材,そざい
1,阻止,そし
1,訴訟,そしょう
1,育ち,そだち
1,措置,そち
1,,ソックス
1,,そっけない
1,外方,そっぽ
1,備え付ける,そなえつける
1,備わる,そなわる
1,具わる,そなわる
1,聳える,そびえる
1,,ソフト
1,素朴,そぼく
1,背く,そむく
1,染まる,そまる
1,染める,そめる
1,,そらす
1,,そり
1,,それゆえ
1,,ソロ
1,揃い,そろい
1,,ぞんざい
1,損失,そんしつ
1,存続,そんぞく
1,,ダース
1,隊,たい
1,対応,たいおう
1,退化,たいか
1,大概,たいがい
1,体格,たいかく
1,退学,たいがく
1,大金,たいきん
1,待遇,たいぐう
1,対決,たいけつ
1,体験,たいけん
1,対抗,たいこう
1,退治,たいじ
1,大衆,たいしゅう
1,対処,たいしょ
1,退職,たいしょく
1,題する,だいする
1,態勢,たいせい
1,対談,たいだん
1,大胆,だいたん
1,対等,たいとう
1,,タイトル
1,台無し,だいなし
1,滞納,たいのう
1,対比,たいひ
1,,タイピスト
1,大部,たいぶ
1,大便,だいべん
1,代弁,だいべん
1,待望,たいぼう
1,台本,だいほん
1,,タイマー
1,怠慢,たいまん
1,,タイミング
1,,タイム
1,,タイムリー
1,対面,たいめん
1,代用,だいよう
1,体力,たいりょく
1,,タイル
1,対話,たいわ
1,,ダウン
1,耐える,たえる
1,堪える,たえる
1,絶える,たえる
1,断える,たえる
1,打開,だかい
1,高まる,たかまる
1,焚火,たきび
1,妥協,だきょう
1,,たくましい
1,巧み,たくみ
1,丈,たけ
1,打撃,だげき
1,妥結,だけつ
1,駄作,ださく
1,足し算,たしざん
1,多数決,たすうけつ
1,助け,たすけ
1,携わる,たずさわる
1,漂う,ただよう
1,立ち去る,たちさる
1,立ち寄る,たちよる
1,断つ,たつ
1,抱っこ,だっこ
1,達者,たっしゃ
1,脱出,だっしゅつ
1,脱する,だっする
1,達成,たっせい
1,脱退,だったい
1,,だったら
1,盾,たて
1,立て替える,たてかえる
1,建前,たてまえ
1,奉る,たてまつる
1,,だと
1,他動詞,たどうし
1,例え,たとえ
1,辿り着く,たどりつく
1,辿る,たどる
1,束ねる,たばねる
1,,だぶだぶ
1,,ダブル
1,他方,たほう
1,多忙,たぼう
1,給う,たまう
1,魂,たましい
1,溜まり,たまり
1,賜る,たまわる
1,保つ,たもつ
1,,たやすい
1,多様,たよう
1,,だるい
1,弛み,たるみ
1,弛む,たるむ
1,垂れる,たれる
1,,タレント
1,,タワー
1,単一,たんいつ
1,短歌,たんか
1,担架,たんか
1,短気,たんき
1,団結,だんけつ
1,探検,たんけん
1,断言,だんげん
1,短縮,たんしゅく
1,断然,だんぜん
1,炭素,たんそ
1,短大,たんだい
1,単調,たんちょう
1,単独,たんどく
1,旦那,だんな
1,短波,たんぱ
1,蛋白質,たんぱくしつ
1,,ダンプ
1,断面,だんめん
1,弾力,だんりょく
1,治安,ちあん
1,,チームワーク
1,,チェンジ
1,違える,ちがえる
1,畜産,ちくさん
1,畜生,ちくしょう
1,蓄積,ちくせき
1,地形,ちけい
1,知性,ちせい
1,乳,ちち
1,縮まる,ちぢまる
1,秩序,ちつじょ
1,窒息,ちっそく
1,知的,ちてき
1,,チャイム
1,着手,ちゃくしゅ
1,着色,ちゃくしょく
1,着席,ちゃくせき
1,着目,ちゃくもく
1,着陸,ちゃくりく
1,着工,ちゃっこう
1,茶の間,ちゃのま
1,茶の湯,ちゃのゆ
1,,ちやほや
1,,チャンネル
1,宙返り,ちゅうがえり
1,中継,ちゅうけい
1,忠告,ちゅうこく
1,中傷,ちゅうしょう
1,中枢,ちゅうすう
1,抽選,ちゅうせん
1,中断,ちゅうだん
1,中毒,ちゅうどく
1,中腹,ちゅうふく
1,中立,ちゅうりつ
1,中和,ちゅうわ
1,腸,ちょう
1,蝶,ちょう
1,超,ちょう
1,調印,ちょういん
1,聴覚,ちょうかく
1,長官,ちょうかん
1,聴講,ちょうこう
1,徴収,ちょうしゅう
1,聴診器,ちょうしんき
1,挑戦,ちょうせん
1,調停,ちょうてい
1,長編,ちょうへん
1,重宝,ちょうほう
1,調理,ちょうり
1,調和,ちょうわ
1,,ちょくちょく
1,直面,ちょくめん
1,著書,ちょしょ
1,貯蓄,ちょちく
1,直感,ちょっかん
1,著名,ちょめい
1,,ちらっと
1,塵取り,ちりとり
1,治療,ちりょう
1,賃金,ちんぎん
1,沈殿,ちんでん
1,沈没,ちんぼつ
1,沈黙,ちんもく
1,陳列,ちんれつ
1,追及,ついきゅう
1,追跡,ついせき
1,追放,ついほう
1,費やす,ついやす
1,墜落,ついらく
1,痛感,つうかん
1,通常,つうじょう
1,痛切,つうせつ
1,杖,つえ
1,使い道,つかいみち
1,仕える,つかえる
1,司る,つかさどる
1,,つかのま
1,月並,つきなみ
1,継目,つぎめ
1,尽きる,つきる
1,接ぐ,つぐ
1,継ぐ,つぐ
1,尽くす,つくす
1,,つくづく
1,作り,つくり
1,造り,つくり
1,繕う,つくろう
1,付け加える,つけくわえる
1,告げる,つげる
1,,つじつま
1,筒,つつ
1,突っ突く,つっつく
1,謹む,つつしむ
1,突っ張る,つっぱる
1,務まる,つとまる
1,勤め先,つとめさき
1,努めて,つとめて
1,津波,つなみ
1,,つねる
1,募る,つのる
1,唾,つば
1,呟く,つぶやく
1,,つぶら
1,,つぶる
1,壷,つぼ
1,蕾,つぼみ
1,摘む,つむ
1,露,つゆ
1,強まる,つよまる
1,強める,つよめる
1,連なる,つらなる
1,貫く,つらぬく
1,連ねる,つらねる
1,釣り鐘,つりがね
1,吊り革,つりかわ
1,手当,てあて
1,定義,ていぎ
1,提供,ていきょう
1,提携,ていけい
1,体裁,ていさい
1,提示,ていじ
1,,ティシュペーパー
1,定食,ていしょく
1,訂正,ていせい
1,停滞,ていたい
1,邸宅,ていたく
1,定年,ていねん
1,堤防,ていぼう
1,,データ
1,手遅れ,ておくれ
1,,でかい
1,手掛かり,てがかり
1,手掛ける,てがける
1,手数,てかず
1,手軽,てがる
1,適応,てきおう
1,適宜,てきぎ
1,適性,てきせい
1,,できもの
1,手際,てぎわ
1,出くわす,でくわす
1,,デザイン
1,手順,てじゅん
1,手錠,てじょう
1,,デコレーション
1,,デザート
1,手近,てぢか
1,,てっきり
1,鉄鋼,てっこう
1,,デッサン
1,徹する,てっする
1,,てっぺん
1,鉄棒,てつぼう
1,出直し,でなおし
1,掌,てのひら
1,手配,てはい
1,手筈,てはず
1,手引,てびき
1,手本,てほん
1,手回し,てまわし
1,手元,てもと
1,,デモンストレーション
1,照り返す,てりかえす
1,,テレックス
1,手分け,てわけ
1,天,てん
1,田園,でんえん
1,天下,てんか
1,転回,てんかい
1,転換,てんかん
1,転居,てんきょ
1,転勤,てんきん
1,点検,てんけん
1,電源,でんげん
1,転校,てんこう
1,天国,てんごく
1,伝言,でんごん
1,天才,てんさい
1,天災,てんさい
1,展示,てんじ
1,伝説,でんせつ
1,点線,てんせん
1,転じる,てんじる
1,転ずる,てんずる
1,天体,てんたい
1,伝達,でんたつ
1,天地,てんち
1,,てんで
1,転任,てんにん
1,展望,てんぼう
1,伝来,でんらい
1,転落,てんらく
1,,と
1,問い合わせる,といあわせる
1,問う,とう
1,棟,とう
1,胴,どう
1,同意,どうい
1,動員,どういん
1,同感,どうかん
1,陶器,とうき
1,討議,とうぎ
1,動機,どうき
1,等級,とうきゅう
1,同級,どうきゅう
1,同居,どうきょ
1,登校,とうこう
1,統合,とうごう
1,動向,どうこう
1,倒産,とうさん
1,投資,とうし
1,同士,どうし
1,同志,どうし
1,同情,どうじょう
1,道場,どうじょう
1,統制,とうせい
1,当選,とうせん
1,当然,とうぜん
1,逃走,とうそう
1,統率,とうそつ
1,到達,とうたつ
1,統治,とうち
1,同調,どうちょう
1,到底,とうてい
1,動的,どうてき
1,尊い,とうとい
1,貴い,とうとい
1,同等,どうとう
1,堂々,どうどう
1,尊ぶ,とうとぶ
1,,どうにか
1,投入,とうにゅう
1,導入,どうにゅう
1,当人,とうにん
1,同封,どうふう
1,逃亡,とうぼう
1,冬眠,とうみん
1,同盟,どうめい
1,,どうやら
1,動揺,どうよう
1,動力,どうりょく
1,登録,とうろく
1,討論,とうろん
1,遠ざかる,とおざかる
1,遠回り,とおまわり
1,,トーン
1,,とかく
1,,とがめる
1,時折,ときおり
1,,とぎれる
1,説く,とく
1,研ぐ,とぐ
1,特技,とくぎ
1,独裁,どくさい
1,特産,とくさん
1,独自,どくじ
1,特集,とくしゅう
1,独占,どくせん
1,独創,どくそう
1,得点,とくてん
1,特派,とくは
1,特有,とくゆう
1,,とげ
1,遂げる,とげる
1,年頃,としごろ
1,戸締り,とじまり
1,途上,とじょう
1,綴じる,とじる
1,土台,どだい
1,途絶える,とだえる
1,特許,とっきょ
1,特権,とっけん
1,,とっさに
1,突如,とつじょ
1,,とって
1,突破,とっぱ
1,土手,どて
1,届,とどけ
1,滞る,とどこおる
1,整える,ととのえる
1,唱える,となえる
1,殿様,とのさま
1,土俵,どひょう
1,扉,とびら
1,溝,どぶ
1,徒歩,とほ
1,土木,どぼく
1,,とぼける
1,乏しい,とぼしい
1,富,とみ
1,富む,とむ
1,供,とも
1,共稼ぎ,ともかせぎ
1,伴う,ともなう
1,共働き,ともばたらき
1,,ドライ
1,,ドライクリーニング
1,,ドライバー
1,,ドライブイン
1,,トラブル
1,,トランジスター
1,,とりあえず
1,取扱,とりあつかい
1,取り扱う,とりあつかう
1,鳥居,とりい
1,取り替え,とりかえ
1,取り組む,とりくむ
1,取締り,とりしまり
1,取り締まる,とりしまる
1,取り調べる,とりしらべる
1,取り立てる,とりたてる
1,取り次ぐ,とりつぐ
1,取り付ける,とりつける
1,取り除く,とりのぞく
1,取引,とりひき
1,取り巻く,とりまく
1,取り混ぜる,とりまぜる
1,取り戻す,とりもどす
1,取り寄せる,とりよせる
1,,ドリル
1,,とりわけ
1,,とろける
1,鈍感,どんかん
1,,とんだ
1,度忘れ,どわすれ
1,問屋,とんや
1,内閣,ないかく
1,乃至,ないし
1,内緒,ないしょ
1,内心,ないしん
1,内蔵,ないぞう
1,,ナイター
1,内部,ないぶ
1,内乱,ないらん
1,内陸,ないりく
1,苗,なえ
1,,なおさら
1,流し,ながし
1,長々,ながなが
1,中程,なかほど
1,渚,なぎさ
1,嘆く,なげく
1,投げ出す,なげだす
1,仲人,なこうど
1,和やか,なごやか
1,名残,なごり
1,情け,なさけ
1,情無い,なさけない
1,情深い,なさけぶかい
1,詰る,なじる
1,名高い,なだかい
1,雪崩,なだれ
1,懐く,なつく
1,名付ける,なづける
1,何気ない,なにげない
1,,なにとぞ
1,,なにより
1,,ナプキン
1,名札,なふだ
1,生臭い,なまぐさい
1,生温い,なまぬるい
1,生身,なまみ
1,鉛,なまり
1,並,なみ
1,滑らか,なめらか
1,嘗める,なめる
1,悩ましい,なやましい
1,悩ます,なやます
1,悩み,なやみ
1,慣らす,ならす
1,馴らす,ならす
1,並びに,ならびに
1,成り立つ,なりたつ
1,,なるたけ
1,慣れ,なれ
1,馴々しい,なれなれしい
1,難,なん
1,,ナンセンス
1,何だか,なんだか
1,,なんだかんだ
1,,なんなり
1,荷,に
1,似通う,にかよう
1,,にきび
1,賑わう,にぎわう
1,憎しみ,にくしみ
1,肉親,にくしん
1,肉体,にくたい
1,逃げ出す,にげだす
1,西日,にしび
1,滲む,にじむ
1,贋物,にせもの
1,日夜,にちや
1,荷造り,にづくり
1,担う,になう
1,鈍る,にぶる
1,,にもかかわらず
1,,ニュアンス
1,,ニュー
1,入手,にゅうしゅ
1,入賞,にゅうしょう
1,入浴,にゅうよく
1,尿,にょう
1,認識,にんしき
1,妊娠,にんしん
1,任務,にんむ
1,任命,にんめい
1,抜かす,ぬかす
1,抜け出す,ぬけだす
1,沼,ぬま
1,音色,ねいろ
1,値打ち,ねうち
1,,ネガ
1,寝かせる,ねかせる
1,,ねじまわし
1,捩れる,ねじれる
1,妬む,ねたむ
1,,ねだる
1,熱意,ねつい
1,熱湯,ねっとう
1,熱量,ねつりょう
1,粘り,ねばり
1,粘る,ねばる
1,値引き,ねびき
1,根回し,ねまわし
1,眠たい,ねむたい
1,練る,ねる
1,念,ねん
1,年賀,ねんが
1,年鑑,ねんかん
1,念願,ねんがん
1,年号,ねんごう
1,燃焼,ねんしょう
1,年長,ねんちょう
1,燃料,ねんりょう
1,年輪,ねんりん
1,,ノイローゼ
1,脳,のう
1,農耕,のうこう
1,農場,のうじょう
1,農地,のうち
1,納入,のうにゅう
1,逃す,のがす
1,逃れる,のがれる
1,軒並,のきなみ
1,望ましい,のぞましい
1,臨む,のぞむ
1,乗っ取る,のっとる
1,,のどか
1,罵る,ののしる
1,延べ,のべ
1,飲み込む,のみこむ
1,乗り込む,のりこむ
1,刃,は
1,,バー
1,把握,はあく
1,,パート
1,肺,はい
1,廃棄,はいき
1,配給,はいきゅう
1,黴菌,ばいきん
1,配偶者,はいぐうしゃ
1,拝啓,はいけい
1,背景,はいけい
1,背後,はいご
1,廃止,はいし
1,拝借,はいしゃく
1,排除,はいじょ
1,賠償,ばいしょう
1,排水,はいすい
1,敗戦,はいせん
1,配置,はいち
1,配布,はいふ
1,配分,はいぶん
1,敗北,はいぼく
1,倍率,ばいりつ
1,配慮,はいりょ
1,配列,はいれつ
1,映える,はえる
1,破壊,はかい
1,捗る,はかどる
1,,はかない
1,,ばかばかしい
1,諮る,はかる
1,図る,はかる
1,破棄,はき
1,剥ぐ,はぐ
1,迫害,はくがい
1,薄弱,はくじゃく
1,白状,はくじょう
1,漠然,ばくぜん
1,爆弾,ばくだん
1,爆破,ばくは
1,暴露,ばくろ
1,励ます,はげます
1,励む,はげむ
1,剥げる,はげる
1,化ける,ばける
1,派遣,はけん
1,恥,はじ
1,,パジャマ
1,恥じらう,はじらう
1,恥じる,はじる
1,橋渡し,はしわたし
1,,バス
1,弾む,はずむ
1,破損,はそん
1,裸足,はだし
1,果たす,はたす
1,蜂蜜,はちみつ
1,,パチンコ
1,罰,ばつ
1,発育,はついく
1,発芽,はつが
1,発掘,はっくつ
1,発言,はつげん
1,,バッジ
1,発生,はっせい
1,,バッテリー
1,,バット
1,発病,はつびょう
1,初耳,はつみみ
1,果て,はて
1,果てる,はてる
1,,ばてる
1,,パトカー
1,甚だ,はなはだ
1,華々しい,はなばなしい
1,花びら,はなびら
1,華やか,はなやか
1,,パパ
1,阻む,はばむ
1,浜,はま
1,浜辺,はまべ
1,,はまる
1,生やす,はやす
1,早める,はやめる
1,腹立ち,はらだち
1,原っぱ,はらっぱ
1,,はらはら
1,,ばらまく
1,張り紙,はりがみ
1,遥か,はるか
1,破裂,はれつ
1,腫れる,はれる
1,班,はん
1,判,はん
1,版,はん
1,繁栄,はんえい
1,版画,はんが
1,,ハンガー
1,反感,はんかん
1,反響,はんきょう
1,,パンク
1,反撃,はんげき
1,判決,はんけつ
1,反射,はんしゃ
1,繁盛,はんじょう
1,繁殖,はんしょく
1,反する,はんする
1,判定,はんてい
1,万人,ばんにん
1,晩年,ばんねん
1,反応,はんのう
1,万能,ばんのう
1,半端,はんぱ
1,反発,はんぱつ
1,反乱,はんらん
1,氾濫,はんらん
1,碑,ひ
1,美,び
1,,ひいては
1,,ビールス
1,控室,ひかえしつ
1,控える,ひかえる
1,悲観,ひかん
1,引き上げる,ひきあげる
1,率いる,ひきいる
1,引き起こす,ひきおこす
1,引下げる,ひきさげる
1,引きずる,ひきずる
1,引取る,ひきとる
1,否決,ひけつ
1,非行,ひこう
1,日頃,ひごろ
1,久しい,ひさしい
1,悲惨,ひさん
1,,ビジネス
1,比重,ひじゅう
1,美術,びじゅつ
1,秘書,ひしょ
1,微笑,びしょう
1,歪む,ひずむ
1,密か,ひそか
1,浸す,ひたす
1,,ひたすら
1,左利き,ひだりきき
1,引っ掻く,ひっかく
1,必修,ひっしゅう
1,,びっしょり
1,必然,ひつぜん
1,匹敵,ひってき
1,一息,ひといき
1,人影,ひとかげ
1,人柄,ひとがら
1,一頃,ひところ
1,人質,ひとじち
1,一筋,ひとすじ
1,人目,ひとめ
1,日取り,ひどり
1,雛,ひな
1,雛祭,ひなまつり
1,日向,ひなた
1,非難,ひなん
1,避難,ひなん
1,日の丸,ひのまる
1,火花,ひばな
1,,ひび
1,悲鳴,ひめい
1,冷やかす,ひやかす
1,日焼け,ひやけ
1,票,ひょう
1,標語,ひょうご
1,描写,びょうしゃ
1,,ひょっと
1,,びら
1,平たい,ひらたい
1,,びり
1,比率,ひりつ
1,微量,びりょう
1,昼飯,ひるめし
1,比例,ひれい
1,疲労,ひろう
1,広まる,ひろまる
1,敏感,びんかん
1,貧困,ひんこん
1,品質,ひんしつ
1,貧弱,ひんじゃく
1,品種,ひんしゅ
1,,ヒント
1,頻繁,ひんぱん
1,貧乏,びんぼう
1,,ファイト
1,,ファイル
1,,ファン
1,不意,ふい
1,,フィルタ
1,封,ふう
1,封鎖,ふうさ
1,風車,ふうしゃ
1,風習,ふうしゅう
1,風俗,ふうぞく
1,,ブーツ
1,風土,ふうど
1,,ブーム
1,,フォーム
1,部下,ぶか
1,不可欠,ふかけつ
1,,ぶかぶか
1,深める,ふかめる
1,不吉,ふきつ
1,不況,ふきょう
1,布巾,ふきん
1,福,ふく
1,複合,ふくごう
1,福祉,ふくし
1,覆面,ふくめん
1,膨れる,ふくれる
1,不景気,ふけいき
1,耽る,ふける
1,老ける,ふける
1,富豪,ふごう
1,布告,ふこく
1,,ブザー
1,負債,ふさい
1,不在,ふざい
1,,ふさわしい
1,不順,ふじゅん
1,負傷,ふしょう
1,侮辱,ぶじょく
1,不審,ふしん
1,不振,ふしん
1,武装,ぶそう
1,負担,ふたん
1,不調,ふちょう
1,復活,ふっかつ
1,物議,ぶつぎ
1,復旧,ふっきゅう
1,復興,ふっこう
1,物資,ぶっし
1,仏像,ぶつぞう
1,物体,ぶったい
1,沸騰,ふっとう
1,不当,ふとう
1,不動産,ふどうさん
1,無難,ぶなん
1,赴任,ふにん
1,腐敗,ふはい
1,不評,ふひょう
1,不服,ふふく
1,普遍,ふへん
1,踏まえる,ふまえる
1,踏み込む,ふみこむ
1,不明,ふめい
1,部門,ぶもん
1,扶養,ふよう
1,,ふらふら
1,,ぶらぶら
1,振り,ふり
1,振り返る,ふりかえる
1,振り出し,ふりだし
1,不良,ふりょう
1,浮力,ふりょく
1,武力,ぶりょく
1,,ブル
1,震わせる,ふるわせる
1,無礼,ぶれい
1,付録,ふろく
1,,フロント
1,憤慨,ふんがい
1,文化財,ぶんかざい
1,分業,ぶんぎょう
1,文語,ぶんご
1,分散,ぶんさん
1,分子,ぶんし
1,紛失,ふんしつ
1,噴出,ふんしゅつ
1,文書,ぶんしょ
1,紛争,ふんそう
1,,ふんだん
1,分担,ぶんたん
1,奮闘,ふんとう
1,分配,ぶんぱい
1,分母,ぶんぼ
1,粉末,ふんまつ
1,分離,ぶんり
1,分裂,ぶんれつ
1,,ペア
1,兵器,へいき
1,閉口,へいこう
1,閉鎖,へいさ
1,兵士,へいし
1,平常,へいじょう
1,平方,へいほう
1,並列,へいれつ
1,,ベース
1,辟易,へきえき
1,,ぺこぺこ
1,,ベスト
1,,ベストセラー
1,隔たる,へだたる
1,,へりくだる
1,経る,へる
1,弁解,べんかい
1,変革,へんかく
1,返還,へんかん
1,便宜,べんぎ
1,偏見,へんけん
1,弁護,べんご
1,返済,へんさい
1,弁償,べんしょう
1,変遷,へんせん
1,返答,へんとう
1,変動,へんどう
1,弁論,べんろん
1,穂,ほ
1,保育,ほいく
1,,ボイコット
1,,ポイント
1,法案,ほうあん
1,防衛,ぼうえい
1,防火,ぼうか
1,崩壊,ほうかい
1,妨害,ぼうがい
1,法学,ほうがく
1,封建,ほうけん
1,豊作,ほうさく
1,方策,ほうさく
1,奉仕,ほうし
1,方式,ほうしき
1,放射,ほうしゃ
1,放射能,ほうしゃのう
1,報酬,ほうしゅう
1,放出,ほうしゅつ
1,報じる,ほうじる
1,報ずる,ほうずる
1,紡績,ぼうせき
1,呆然,ぼうぜん
1,放置,ほうち
1,膨張,ぼうちょう
1,法廷,ほうてい
1,報道,ほうどう
1,冒頭,ぼうとう
1,暴動,ぼうどう
1,褒美,ほうび
1,暴風,ぼうふう
1,葬る,ほうむる
1,放り込む,ほうりこむ
1,放り出す,ほうりだす
1,暴力,ぼうりょく
1,飽和,ほうわ
1,,ホース
1,,ポーズ
1,,ホール
1,保温,ほおん
1,捕獲,ほかく
1,保管,ほかん
1,補給,ほきゅう
1,補強,ほきょう
1,募金,ぼきん
1,牧師,ぼくし
1,捕鯨,ほげい
1,惚ける,ぼける
1,保険,ほけん
1,保護,ほご
1,母校,ぼこう
1,母国,ぼこく
1,誇る,ほこる
1,綻びる,ほころびる
1,,ポジション
1,干し物,ほしもの
1,保守,ほしゅ
1,補充,ほじゅう
1,補助,ほじょ
1,保障,ほしょう
1,補償,ほしょう
1,舗装,ほそう
1,補足,ほそく
1,墓地,ぼち
1,発作,ほっさ
1,没収,ぼっしゅう
1,発足,ほっそく
1,,ほっと
1,,ポット
1,,ほっぺた
1,,ぼつぼつ
1,没落,ぼつらく
1,施す,ほどこす
1,,ほとり
1,,ぼやく
1,,ぼやける
1,保養,ほよう
1,捕虜,ほりょ
1,,ボルト
1,滅びる,ほろびる
1,滅ぼす,ほろぼす
1,本格,ほんかく
1,本館,ほんかん
1,本気,ほんき
1,本国,ほんごく
1,本質,ほんしつ
1,本体,ほんたい
1,本音,ほんね
1,本能,ほんのう
1,本場,ほんば
1,,ポンプ
1,本文,ほんぶん
1,本名,ほんみょう
1,,マーク
1,,マイクロフォン
1,埋蔵,まいぞう
1,舞う,まう
1,真上,まうえ
1,前売,まえうり
1,前置き,まえおき
1,前もって,まえもって
1,任す,まかす
1,負かす,まかす
1,賄う,まかなう
1,紛らわしい,まぎらわしい
1,紛れる,まぎれる
1,膜,まく
1,真心,まごころ
1,,まごつく
1,誠,まこと
1,,まことに
1,,まさしく
1,勝る,まさる
1,交える,まじえる
1,真下,ました
1,,まして
1,交わる,まじわる
1,麻酔,ますい
1,,マスコミ
1,股,また
1,,またがる
1,待ち合わせ,まちあわせ
1,待ち遠しい,まちどおしい
1,待ち望む,まちのぞむ
1,,まちまち
1,末期,まっき
1,,マッサージ
1,真っ二つ,まっぷたつ
1,,まと
1,纏まり,まとまり
1,纏め,まとめ
1,免れる,まぬがれる
1,招き,まねき
1,瞬き,まばたき
1,麻痺,まひ
1,眉,まゆ
1,鞠,まり
1,丸ごと,まるごと
1,,まるっきり
1,丸々,まるまる
1,丸める,まるめる
1,満月,まんげつ
1,満場,まんじょう
1,真ん前,まんまえ
1,真ん丸い,まんまるい
1,真ん円い,まんまるい
1,見合い,みあい
1,見合わせる,みあわせる
1,見落とす,みおとす
1,未開,みかい
1,味覚,みかく
1,見掛ける,みかける
1,幹,みき
1,見苦しい,みぐるしい
1,見込み,みこみ
1,未婚,みこん
1,未熟,みじゅく
1,微塵,みじん
1,,ミス
1,水気,みずけ
1,,ミスプリント
1,,みすぼらしい
1,,ミセス
1,見せびらかす,みせびらかす
1,見せ物,みせもの
1,満たす,みたす
1,乱す,みだす
1,乱れる,みだれる
1,未知,みち
1,身近,みぢか
1,導く,みちびく
1,密集,みっしゅう
1,密接,みっせつ
1,密度,みつど
1,見積もり,みつもり
1,未定,みてい
1,見通し,みとおし
1,,みなす
1,源,みなもと
1,見習う,みならう
1,身なり,みなり
1,峰,みね
1,身の上,みのうえ
1,見逃す,みのがす
1,身の回り,みのまわり
1,見計らう,みはからう
1,見晴らし,みはらし
1,身振り,みぶり
1,脈,みゃく
1,,ミュージック
1,未練,みれん
1,見渡す,みわたす
1,民宿,みんしゅく
1,民族,みんぞく
1,民俗,みんぞく
1,無意味,むいみ
1,,ムード
1,無口,むくち
1,婿,むこ
1,無効,むこう
1,無言,むごん
1,無邪気,むじゃき
1,,むしる
1,結び,むすび
1,結び付き,むすびつき
1,結び付く,むすびつく
1,結び付ける,むすびつける
1,無線,むせん
1,無駄遣い,むだづかい
1,無断,むだん
1,無知,むち
1,無茶,むちゃ
1,無茶苦茶,むちゃくちゃ
1,空しい,むなしい
1,無念,むねん
1,無能,むのう
1,無闇に,むやみに
1,無用,むよう
1,斑,むら
1,群がる,むらがる
1,無論,むろん
1,名産,めいさん
1,名称,めいしょう
1,命中,めいちゅう
1,明白,めいはく
1,名簿,めいぼ
1,名誉,めいよ
1,明瞭,めいりょう
1,明朗,めいろう
1,,メーカー
1,目方,めかた
1,恵み,めぐみ
1,恵む,めぐむ
1,捲る,めくる
1,目覚しい,めざましい
1,目覚める,めざめる
1,召す,めす
1,雌,めす
1,目付き,めつき
1,,メッセージ
1,滅亡,めつぼう
1,,メディア
1,目途,めど
1,目盛,めもり
1,,メロディー
1,面会,めんかい
1,免除,めんじょ
1,面する,めんする
1,面目,めんぼく
1,設ける,もうける
1,申し入れる,もうしいれる
1,申込,もうしこみ
1,申出,もうしで
1,申し出る,もうしでる
1,申し分,もうしぶん
1,盲点,もうてん
1,猛烈,もうれつ
1,,モーテル
1,,もがく
1,目録,もくろく
1,目論見,もくろみ
1,模型,もけい
1,模索,もさく
1,,もしかして
1,,もしくは
1,,もたらす
1,持ち切り,もちきり
1,専ら,もっぱら
1,,もてなす
1,,もてる
1,,モニター
1,物好き,ものずき
1,物足りない,ものたりない
1,,もはや
1,模範,もはん
1,模倣,もほう
1,,もめる
1,腿,もも
1,催す,もよおす
1,漏らす,もらす
1,盛り上がる,もりあがる
1,漏る,もる
1,漏れる,もれる
1,脆い,もろい
1,,もろに
1,矢,や
1,野外,やがい
1,夜具,やぐ
1,役職,やくしょく
1,役場,やくば
1,,やけに
1,屋敷,やしき
1,養う,やしなう
1,野心,やしん
1,安っぽい,やすっぽい
1,休める,やすめる
1,野生,やせい
1,奴,やつ
1,野党,やとう
1,闇,やみ
1,病む,やむ
1,,ややこしい
1,,やりとおす
1,,やりとげる
1,和らげる,やわらげる
1,,ヤング
1,優,ゆう
1,優位,ゆうい
1,憂鬱,ゆううつ
1,有益,ゆうえき
1,優越,ゆうえつ
1,勇敢,ゆうかん
1,有機,ゆうき
1,夕暮れ,ゆうぐれ
1,融資,ゆうし
1,有する,ゆうする
1,優勢,ゆうせい
1,優先,ゆうせん
1,誘導,ゆうどう
1,融通,ゆうずう
1,優美,ゆうび
1,有望,ゆうぼう
1,遊牧,ゆうぼく
1,夕焼け,ゆうやけ
1,有力,ゆうりょく
1,幽霊,ゆうれい
1,誘惑,ゆうわく
1,故,ゆえ
1,揺さぶる,ゆさぶる
1,,ゆとり
1,,ユニーク
1,,ユニフォーム
1,指差す,ゆびさす
1,弓,ゆみ
1,揺らぐ,ゆらぐ
1,緩む,ゆるむ
1,緩める,ゆるめる
1,緩やか,ゆるやか
1,世,よ
1,良い,よい
1,要因,よういん
1,溶液,ようえき
1,用件,ようけん
1,養護,ようご
1,用紙,ようし
1,様式,ようしき
1,要する,ようする
1,要請,ようせい
1,様相,ようそう
1,用品,ようひん
1,洋風,ようふう
1,用法,ようほう
1,要望,ようぼう
1,余暇,よか
1,予感,よかん
1,余興,よきょう
1,預金,よきん
1,欲,よく
1,抑圧,よくあつ
1,浴室,よくしつ
1,抑制,よくせい
1,欲深い,よくふかい
1,欲望,よくぼう
1,予言,よげん
1,横綱,よこづな
1,汚れ,よごれ
1,,よし
1,良し,よし
1,善し悪し,よしあし
1,予想,よそう
1,余所見,よそみ
1,余地,よち
1,,よって
1,与党,よとう
1,呼び止める,よびとめる
1,夜更し,よふかし
1,夜更け,よふけ
1,余程,よほど
1,読み上げる,よみあげる
1,寄り掛かる,よりかかる
1,弱まる,よわまる
1,弱める,よわめる
1,弱る,よわる
1,来場,らいじょう
1,,ライス
1,酪農,らくのう
1,落下,らっか
1,楽観,らっかん
1,,ラベル
1,,ランプ
1,濫用,らんよう
1,,リード
1,理屈,りくつ
1,利子,りし
1,利潤,りじゅん
1,理性,りせい
1,利息,りそく
1,立体,りったい
1,立方,りっぽう
1,立法,りっぽう
1,利点,りてん
1,略奪,りゃくだつ
1,略語,りゃくご
1,流通,りゅうつう
1,領域,りょういき
1,了解,りょうかい
1,領海,りょうかい
1,両極,りょうきょく
1,良好,りょうこう
1,良識,りょうしき
1,良質,りょうしつ
1,了承,りょうしょう
1,良心,りょうしん
1,領地,りょうち
1,領土,りょうど
1,両立,りょうりつ
1,旅客,りょかく
1,旅券,りょけん
1,履歴,りれき
1,理論,りろん
1,林業,りんぎょう
1,類,るい
1,類推,るいすい
1,類似,るいじ
1,,ルーズ
1,,ルール
1,冷酷,れいこく
1,冷蔵,れいぞう
1,冷淡,れいたん
1,,レース
1,,レギュラー
1,,レッスン
1,,レディー
1,,レバー
1,恋愛,れんあい
1,連休,れんきゅう
1,,レンジ
1,連日,れんじつ
1,連帯,れんたい
1,,レンタカー
1,連中,れんちゅう
1,,レントゲン
1,連邦,れんぽう
1,連盟,れんめい
1,老衰,ろうすい
1,朗読,ろうどく
1,浪費,ろうひ
1,労力,ろうりょく
1,,ロープウエイ
1,,ロープ
1,,ろくな
1,露骨,ろこつ
1,,ロマンチック
1,論議,ろんぎ
1,論理,ろんり
1,枠,わく
1,惑星,わくせい
1,技,わざ
1,,わざわざ
1,煩わしい,わずらわしい
1,渡り鳥,わたりどり
1,,ワット
1,詫び,わび
1,和文,わぶん
1,藁,わら
1,割当,わりあて
1,割込む,わりこむ
1,悪者,わるもの
1,我,われ
